Region,Species,Population,Species Category,Behavior,Habitat Preference,Trophic Level,Water Temperature (Â°C),Nutrient Levels
Western Reef,Fish,33,Invasive,Solitary,Shallow,Herbivore,25.33490250391673,0.3065365160241572
Southern Reef,Crab,15,Invasive,Solitary,Deep,Carnivore,21.734393544629892,0.42133089608988383
Eastern Reef,Jellyfish,8,Invasive,Schooling,Deep,Carnivore,25.429248649073145,0.713816089863386
Eastern Reef,Crab,78,Invasive,Schooling,Deep,Carnivore,27.366580040608206,0.3431831653339673
Western Reef,Fish,61,Endemic,Schooling,Deep,Herbivore,23.642493520152986,0.34998985219332496
Western Reef,Jellyfish,19,Endemic,Aggressive,Deep,Herbivore,20.520412836486333,0.5075043123116874
Southern Reef,Coral,73,Endemic,Solitary,Shallow,Omnivore,27.302908038553355,0.1307705507439687
Southern Reef,Coral,74,Endemic,Aggressive,Reef Crest,Omnivore,28.570298244919144,0.29196132803333646
Western Reef,Coral,48,Endemic,Aggressive,Reef Crest,Herbivore,20.432313577956208,0.3471355131949257
Southern Reef,Coral,36,Invasive,Aggressive,Shallow,Omnivore,20.859337458172774,0.2404052510282523
Southern Reef,Jellyfish,80,Invasive,Solitary,Deep,Omnivore,26.856132498546316,0.7400644608084547
Northern Reef,Fish,93,Invasive,Solitary,Shallow,Omnivore,24.330391860594997,0.6979070659397633
Eastern Reef,Crab,21,Invasive,Schooling,Reef Crest,Carnivore,24.546060019169293,0.5868716652788213
Eastern Reef,Coral,70,Endemic,Aggressive,Deep,Herbivore,23.67469779310472,0.35139214266400076
Western Reef,Fish,26,Invasive,Schooling,Deep,Omnivore,21.93527418331611,0.23446445172842437
Eastern Reef,Coral,56,Invasive,Schooling,Shallow,Omnivore,27.155898017561643,0.4279731755585239
Western Reef,Coral,71,Endemic,Aggressive,Reef Crest,Herbivore,22.225078898124835,0.15767821790723735
Northern Reef,Coral,52,Endemic,Aggressive,Reef Crest,Omnivore,25.52697326333522,0.896931033848676
Western Reef,Fish,52,Invasive,Solitary,Deep,Carnivore,28.368040886153793,0.2443228663989638
Northern Reef,Jellyfish,8,Invasive,Solitary,Shallow,Herbivore,29.630465596780947,0.41329033569354423
Eastern Reef,Fish,33,Endemic,Schooling,Deep,Omnivore,20.433178055078173,0.6259222624162795
Eastern Reef,Coral,27,Endemic,Schooling,Deep,Herbivore,23.955926303428612,0.8576287853935333
Western Reef,Crab,37,Endemic,Solitary,Shallow,Omnivore,21.95630935841688,0.2842273558649663
Northern Reef,Jellyfish,23,Endemic,Schooling,Deep,Omnivore,28.80671096922474,0.7524899865250669
Southern Reef,Coral,50,Endemic,Aggressive,Deep,Carnivore,22.28891293303707,0.6172680001553685
Western Reef,Crab,95,Endemic,Aggressive,Reef Crest,Omnivore,21.801094060390216,0.15368113782951065
Northern Reef,Crab,42,Invasive,Schooling,Shallow,Herbivore,25.439012587817373,0.5217901982557088
Eastern Reef,Jellyfish,28,Invasive,Schooling,Reef Crest,Carnivore,26.794256098874563,0.13274651774169427
Northern Reef,Fish,62,Invasive,Schooling,Deep,Omnivore,24.95716106113301,0.25221373565282534
Southern Reef,Crab,86,Endemic,Solitary,Deep,Herbivore,21.94179408658307,0.8974896290491038
Northern Reef,Crab,6,Invasive,Schooling,Reef Crest,Carnivore,26.408667250942305,0.7816076747947619
Southern Reef,Jellyfish,84,Invasive,Solitary,Deep,Omnivore,23.18684383674268,0.4416104621152924
Western Reef,Crab,99,Endemic,Schooling,Deep,Omnivore,29.251766840811392,0.20602786987301525
Northern Reef,Jellyfish,93,Invasive,Schooling,Deep,Herbivore,26.168506561152427,0.2139309609799634
Western Reef,Coral,26,Invasive,Aggressive,Deep,Omnivore,22.246534678736413,0.18858322098485214
Western Reef,Fish,40,Invasive,Aggressive,Shallow,Herbivore,20.646984631947916,0.2234626091490971
Western Reef,Coral,2,Endemic,Schooling,Deep,Herbivore,28.699143135510653,0.17340733005935594
Western Reef,Coral,21,Invasive,Solitary,Deep,Herbivore,28.568217063459052,0.2322780658875102
Western Reef,Coral,50,Endemic,Schooling,Deep,Herbivore,21.64470636342644,0.23837875907234035
Western Reef,Crab,47,Endemic,Schooling,Shallow,Herbivore,27.49088129117561,0.415262975999913
Western Reef,Jellyfish,38,Endemic,Aggressive,Reef Crest,Carnivore,20.723509023399153,0.6000912428559058
Northern Reef,Coral,47,Endemic,Schooling,Shallow,Carnivore,26.227247474690486,0.5679310827184042
Southern Reef,Crab,68,Invasive,Schooling,Shallow,Omnivore,22.878262122668193,0.8940659433784135
Northern Reef,Jellyfish,30,Invasive,Aggressive,Deep,Omnivore,29.323966941575065,0.49086156887192156
Northern Reef,Coral,17,Endemic,Aggressive,Shallow,Herbivore,28.775101277578973,0.8379656995776056
Eastern Reef,Coral,5,Invasive,Aggressive,Reef Crest,Omnivore,29.969597236769165,0.4701638791031397
Northern Reef,Crab,10,Invasive,Aggressive,Reef Crest,Omnivore,29.84726671850589,0.8986729121556574
Western Reef,Coral,22,Endemic,Aggressive,Reef Crest,Carnivore,27.724323731903965,0.6375014327546352
Eastern Reef,Coral,60,Invasive,Aggressive,Shallow,Herbivore,29.04911802101703,0.2583727984162092
Northern Reef,Jellyfish,57,Invasive,Schooling,Deep,Herbivore,26.740074307852982,0.33134216627007873
Western Reef,Jellyfish,41,Invasive,Aggressive,Shallow,Carnivore,27.00230988637317,0.8301542055212962
Northern Reef,Fish,42,Invasive,Solitary,Reef Crest,Omnivore,27.429890763784073,0.2889907803949091
Northern Reef,Jellyfish,96,Invasive,Aggressive,Shallow,Herbivore,24.573720466585513,0.8584046131803456
Northern Reef,Coral,32,Endemic,Schooling,Reef Crest,Omnivore,22.126597320443725,0.634966546480719
Eastern Reef,Jellyfish,62,Invasive,Solitary,Reef Crest,Carnivore,20.408351920931516,0.5219203287296585
Eastern Reef,Jellyfish,26,Invasive,Solitary,Reef Crest,Herbivore,24.36295368487451,0.15228136058297226
Eastern Reef,Fish,5,Invasive,Aggressive,Deep,Carnivore,25.071069599887814,0.41396606180748396
Southern Reef,Jellyfish,18,Endemic,Aggressive,Shallow,Omnivore,25.730815905323283,0.44388603798784076
Northern Reef,Fish,8,Invasive,Schooling,Reef Crest,Herbivore,29.94293023109139,0.6073052408277462
Southern Reef,Crab,66,Invasive,Solitary,Shallow,Carnivore,29.54165323784236,0.6115669421669365
Western Reef,Fish,72,Invasive,Solitary,Shallow,Carnivore,26.152648671367558,0.5275967104514185
Eastern Reef,Fish,46,Endemic,Solitary,Shallow,Omnivore,22.18017136653898,0.5377502224984089
Eastern Reef,Jellyfish,16,Endemic,Schooling,Reef Crest,Herbivore,28.676935163486185,0.8644503847529871
Northern Reef,Crab,87,Endemic,Solitary,Reef Crest,Herbivore,28.53152674193413,0.7340404898749514
Northern Reef,Jellyfish,65,Invasive,Solitary,Deep,Carnivore,21.01081144188515,0.7457507907909495
Western Reef,Fish,43,Invasive,Aggressive,Reef Crest,Omnivore,23.061715836422053,0.3932253371895855
Northern Reef,Jellyfish,18,Endemic,Schooling,Deep,Omnivore,27.286950503742574,0.6362485894860552
Northern Reef,Crab,23,Invasive,Schooling,Reef Crest,Carnivore,29.19825446588591,0.6271753166853509
Southern Reef,Fish,4,Endemic,Aggressive,Deep,Omnivore,21.2250022170667,0.13538944069889533
Southern Reef,Crab,5,Endemic,Solitary,Deep,Herbivore,28.001147958987843,0.2038426582514032
Northern Reef,Crab,96,Endemic,Schooling,Shallow,Omnivore,25.098787164843714,0.10014508262942723
Northern Reef,Coral,70,Endemic,Solitary,Shallow,Herbivore,26.543362882964956,0.13104171884180238
Northern Reef,Crab,78,Invasive,Solitary,Shallow,Carnivore,20.190568538738045,0.28825666204219835
Southern Reef,Fish,18,Endemic,Aggressive,Reef Crest,Herbivore,22.669413651152162,0.8595626547987152
Eastern Reef,Fish,2,Invasive,Schooling,Deep,Herbivore,23.47123143690322,0.744236620795451
Eastern Reef,Crab,47,Invasive,Aggressive,Deep,Carnivore,20.94707691135496,0.7975844036096825
Western Reef,Fish,12,Endemic,Solitary,Shallow,Herbivore,27.386967125026715,0.5085039276553104
Eastern Reef,Crab,31,Invasive,Solitary,Reef Crest,Herbivore,23.755511136867394,0.1727227535769444
Western Reef,Fish,70,Invasive,Solitary,Shallow,Herbivore,23.371821430514913,0.46991351272494575
Northern Reef,Crab,86,Endemic,Schooling,Deep,Carnivore,25.92026771088096,0.6545975929260381
Southern Reef,Coral,19,Endemic,Solitary,Deep,Carnivore,23.77183675330404,0.46244641741474823
Southern Reef,Fish,30,Invasive,Aggressive,Deep,Herbivore,29.55979727257609,0.40390894528662846
Southern Reef,Coral,50,Invasive,Aggressive,Shallow,Omnivore,25.76921372379092,0.618899225715644
Eastern Reef,Crab,17,Invasive,Solitary,Deep,Omnivore,23.04528201639267,0.45457415341006
Western Reef,Coral,87,Invasive,Schooling,Reef Crest,Omnivore,29.3517284268625,0.7336958743903823
Eastern Reef,Jellyfish,37,Invasive,Schooling,Deep,Omnivore,25.606407442055072,0.8974549429741188
Eastern Reef,Jellyfish,81,Endemic,Schooling,Shallow,Omnivore,27.45906017741987,0.24150480921688758
Northern Reef,Jellyfish,40,Endemic,Schooling,Reef Crest,Omnivore,29.09539663771445,0.538310298374875
Northern Reef,Crab,23,Endemic,Aggressive,Deep,Omnivore,26.62903071339931,0.5195817793798628
Eastern Reef,Crab,83,Endemic,Aggressive,Reef Crest,Herbivore,21.733162660974457,0.7985107887890248
Northern Reef,Coral,16,Invasive,Aggressive,Reef Crest,Omnivore,23.501870910024593,0.14893906936861692
Western Reef,Crab,78,Endemic,Schooling,Shallow,Herbivore,20.729380337650685,0.5485255736541406
Eastern Reef,Jellyfish,33,Endemic,Aggressive,Deep,Herbivore,23.596976983472167,0.8961405746638605
Western Reef,Coral,51,Endemic,Schooling,Shallow,Omnivore,29.96385977651504,0.44977356025947546
Northern Reef,Coral,86,Endemic,Solitary,Shallow,Carnivore,25.649943804558575,0.4091054222734669
Southern Reef,Fish,75,Invasive,Solitary,Deep,Omnivore,21.810992317994025,0.45146199394439523
Northern Reef,Coral,55,Invasive,Schooling,Deep,Omnivore,24.491451026732413,0.5459462368781535
Western Reef,Coral,42,Endemic,Solitary,Shallow,Omnivore,22.369172582921834,0.8142206910534283
Eastern Reef,Crab,85,Endemic,Solitary,Shallow,Carnivore,29.36065204867929,0.47570946189024077
Northern Reef,Jellyfish,35,Endemic,Solitary,Shallow,Herbivore,26.55757038117857,0.5050965769607272
Southern Reef,Jellyfish,45,Invasive,Aggressive,Reef Crest,Herbivore,25.74757451843793,0.8053761613838625
Western Reef,Crab,86,Invasive,Schooling,Reef Crest,Carnivore,20.96406400461341,0.6433481722497916
Western Reef,Fish,98,Invasive,Solitary,Reef Crest,Carnivore,27.565982086838765,0.13299317529809562
Eastern Reef,Jellyfish,76,Endemic,Solitary,Reef Crest,Herbivore,25.441431881819213,0.27326665913496423
Western Reef,Crab,82,Invasive,Solitary,Shallow,Omnivore,24.515537347225077,0.5054381674581987
Western Reef,Crab,69,Endemic,Schooling,Shallow,Omnivore,26.954262371933215,0.4639186448690138
Northern Reef,Crab,71,Invasive,Schooling,Reef Crest,Herbivore,22.65454329237148,0.8142439521556005
Western Reef,Coral,3,Endemic,Solitary,Shallow,Herbivore,22.792295760186462,0.42639900552896015
Northern Reef,Fish,10,Endemic,Schooling,Deep,Carnivore,24.7407862956112,0.2875466677564018
Western Reef,Crab,44,Endemic,Solitary,Reef Crest,Omnivore,21.20703560026743,0.4722074443531824
Eastern Reef,Jellyfish,45,Endemic,Schooling,Deep,Omnivore,20.566575834286684,0.8275843638293019
Eastern Reef,Crab,57,Invasive,Schooling,Reef Crest,Omnivore,23.15848609907025,0.3592238395213936
Southern Reef,Fish,14,Invasive,Schooling,Deep,Carnivore,21.041112267194876,0.7704120357912099
Eastern Reef,Fish,7,Endemic,Schooling,Shallow,Herbivore,27.06559079482544,0.10527175650864039
Northern Reef,Jellyfish,71,Invasive,Solitary,Shallow,Herbivore,26.976750944158976,0.38368047507956127
Northern Reef,Jellyfish,3,Endemic,Schooling,Shallow,Carnivore,21.28970145591061,0.17653077568747141
Western Reef,Coral,68,Invasive,Aggressive,Shallow,Carnivore,25.159483891968467,0.4490568744948672
Northern Reef,Jellyfish,67,Invasive,Schooling,Deep,Carnivore,25.56110641437572,0.16433100833660996
Western Reef,Coral,13,Endemic,Aggressive,Reef Crest,Carnivore,22.547391319768582,0.6935302914643536
Western Reef,Jellyfish,7,Endemic,Solitary,Shallow,Omnivore,26.10399746044187,0.6544620168353713
Southern Reef,Fish,86,Endemic,Aggressive,Shallow,Herbivore,21.599532557077897,0.7696919126706566
Eastern Reef,Crab,66,Endemic,Schooling,Deep,Herbivore,24.225309548520965,0.5661993917264198
Northern Reef,Coral,56,Endemic,Schooling,Deep,Carnivore,29.762478969579078,0.13728315870235372
Western Reef,Fish,38,Invasive,Solitary,Reef Crest,Carnivore,22.799504240271744,0.3051408433703385
Western Reef,Coral,8,Invasive,Aggressive,Shallow,Carnivore,25.869275672925383,0.4131562817713149
Eastern Reef,Coral,39,Invasive,Solitary,Reef Crest,Omnivore,26.615005570744433,0.8917713533997014
Eastern Reef,Coral,1,Invasive,Schooling,Shallow,Herbivore,20.759667623101834,0.7455302136557401
Northern Reef,Crab,6,Endemic,Schooling,Reef Crest,Carnivore,27.581403202456855,0.292637816788006
Southern Reef,Crab,69,Invasive,Schooling,Deep,Omnivore,22.416054763419286,0.1857878425196991
Western Reef,Crab,86,Invasive,Aggressive,Reef Crest,Carnivore,26.824506084386133,0.6399150745024018
Western Reef,Fish,51,Invasive,Schooling,Deep,Herbivore,20.34381760778825,0.41643878809955026
Eastern Reef,Coral,91,Invasive,Aggressive,Deep,Herbivore,24.211451993638683,0.48705272797933497
Northern Reef,Jellyfish,76,Endemic,Schooling,Shallow,Herbivore,23.356031969438327,0.2828379127220434
Eastern Reef,Crab,63,Invasive,Solitary,Reef Crest,Herbivore,28.172562222388642,0.3306271270321728
Eastern Reef,Crab,64,Endemic,Aggressive,Shallow,Omnivore,23.937420904071733,0.4967524970992624
Northern Reef,Fish,3,Endemic,Schooling,Reef Crest,Omnivore,24.888146448855686,0.22476143438519713
Eastern Reef,Coral,46,Endemic,Solitary,Shallow,Carnivore,26.18653009645277,0.695501722218035
Northern Reef,Jellyfish,96,Invasive,Solitary,Shallow,Carnivore,29.055283863587945,0.5670632914052741
Western Reef,Coral,44,Invasive,Schooling,Reef Crest,Omnivore,23.101219402194236,0.2838531670817115
Northern Reef,Fish,20,Endemic,Schooling,Reef Crest,Herbivore,29.259444345845903,0.7151873202024726
Eastern Reef,Fish,33,Endemic,Schooling,Shallow,Carnivore,29.54236589373069,0.11947576413846753
Eastern Reef,Fish,85,Invasive,Aggressive,Reef Crest,Herbivore,23.715859621156575,0.4508882235404956
Western Reef,Coral,25,Invasive,Solitary,Reef Crest,Omnivore,26.94857068444441,0.7284115201516047
Eastern Reef,Crab,69,Invasive,Solitary,Deep,Herbivore,27.77670394962597,0.18606598133110125
Eastern Reef,Coral,5,Invasive,Solitary,Reef Crest,Carnivore,20.154370579614046,0.1411418089789126
Northern Reef,Jellyfish,39,Invasive,Solitary,Reef Crest,Carnivore,28.909260387942904,0.838456775372052
Western Reef,Crab,93,Invasive,Schooling,Shallow,Herbivore,29.611824272567777,0.40547773440871715
Western Reef,Fish,95,Invasive,Aggressive,Deep,Omnivore,29.225321185770945,0.20686399847104672
Western Reef,Coral,19,Endemic,Schooling,Reef Crest,Carnivore,28.172302138501728,0.320038225988477
Eastern Reef,Crab,96,Endemic,Solitary,Reef Crest,Omnivore,24.115372550621096,0.7403111113593498
Eastern Reef,Crab,74,Invasive,Schooling,Reef Crest,Omnivore,21.237118856200002,0.8654141244462383
Southern Reef,Jellyfish,3,Endemic,Aggressive,Shallow,Omnivore,20.11114675067428,0.836674087494316
Northern Reef,Coral,74,Invasive,Aggressive,Reef Crest,Carnivore,22.323410883175402,0.6243580251562191
Western Reef,Crab,19,Endemic,Aggressive,Deep,Carnivore,23.271448335836553,0.7382646700616546
Western Reef,Crab,42,Invasive,Schooling,Reef Crest,Herbivore,28.92594024413803,0.6766774717314041
Eastern Reef,Fish,50,Endemic,Solitary,Reef Crest,Herbivore,22.17410333585033,0.32598938193263394
Western Reef,Fish,1,Invasive,Schooling,Reef Crest,Omnivore,29.86421026274257,0.5851891907417713
Southern Reef,Fish,8,Invasive,Solitary,Shallow,Omnivore,29.54105195128036,0.5639614800581277
Eastern Reef,Coral,22,Endemic,Solitary,Shallow,Carnivore,21.829139104815162,0.2640961762279946
Western Reef,Coral,85,Endemic,Solitary,Deep,Carnivore,20.13385490026387,0.6956868444872383
Northern Reef,Crab,64,Endemic,Solitary,Deep,Carnivore,29.478522615387924,0.8564095190587102
Eastern Reef,Coral,66,Invasive,Aggressive,Deep,Carnivore,23.4515436702397,0.45452575543966656
Western Reef,Fish,20,Invasive,Aggressive,Reef Crest,Omnivore,27.06604361173993,0.622501834996799
Western Reef,Crab,45,Invasive,Solitary,Reef Crest,Carnivore,28.855434624830785,0.8397388448386925
Western Reef,Coral,57,Invasive,Schooling,Shallow,Omnivore,25.546863157764392,0.8745513510112538
Southern Reef,Crab,88,Invasive,Solitary,Shallow,Carnivore,24.0315138103717,0.28345119081292214
Northern Reef,Coral,19,Invasive,Schooling,Reef Crest,Omnivore,28.85328390406459,0.8126158352147164
Eastern Reef,Jellyfish,81,Endemic,Solitary,Deep,Omnivore,29.10155349637236,0.5110842030710507
Western Reef,Coral,19,Invasive,Solitary,Shallow,Herbivore,23.345393625827914,0.4818270201722622
Southern Reef,Coral,42,Invasive,Schooling,Deep,Herbivore,28.708888506927504,0.42402135474875424
Western Reef,Jellyfish,10,Invasive,Solitary,Deep,Herbivore,20.093526318177556,0.6800362290084239
Southern Reef,Coral,98,Endemic,Solitary,Deep,Herbivore,26.748550704567492,0.6188221188869211
Eastern Reef,Jellyfish,92,Endemic,Schooling,Deep,Omnivore,28.154765879909355,0.6355707233870856
Southern Reef,Jellyfish,96,Endemic,Schooling,Reef Crest,Carnivore,23.230233985135992,0.3958614758396316
Eastern Reef,Crab,74,Endemic,Schooling,Shallow,Herbivore,28.08078967836095,0.2547435599124307
Western Reef,Jellyfish,78,Invasive,Aggressive,Reef Crest,Herbivore,23.843672575703547,0.10609953216728396
Northern Reef,Crab,97,Endemic,Aggressive,Shallow,Omnivore,22.72756451956006,0.3102401004677995
Southern Reef,Jellyfish,78,Endemic,Solitary,Reef Crest,Carnivore,29.02322480461571,0.5671798484045986
Northern Reef,Fish,35,Endemic,Schooling,Reef Crest,Carnivore,24.77211257599463,0.5344368353750022
Southern Reef,Jellyfish,34,Invasive,Aggressive,Reef Crest,Carnivore,28.39681725704864,0.20202609958327172
Eastern Reef,Coral,46,Invasive,Solitary,Reef Crest,Carnivore,29.220027096961633,0.6117564030546996
Western Reef,Coral,17,Endemic,Solitary,Deep,Herbivore,21.456890599471045,0.6437049456953621
Northern Reef,Fish,91,Endemic,Solitary,Shallow,Herbivore,28.888943506323606,0.15550926250242478
Eastern Reef,Jellyfish,67,Invasive,Schooling,Reef Crest,Herbivore,21.50458841473248,0.5149633822247848
Western Reef,Fish,76,Endemic,Aggressive,Deep,Carnivore,27.78610532551837,0.7063410635605244
Southern Reef,Coral,16,Endemic,Aggressive,Reef Crest,Omnivore,20.16963490066427,0.13565376674292384
Western Reef,Jellyfish,10,Endemic,Solitary,Reef Crest,Omnivore,28.533114846126054,0.4217349977140049
Eastern Reef,Coral,96,Endemic,Solitary,Deep,Carnivore,21.479570474022417,0.7970865136585809
Western Reef,Jellyfish,11,Invasive,Schooling,Deep,Omnivore,28.703061064125826,0.36592084868802444
Northern Reef,Coral,48,Endemic,Aggressive,Deep,Herbivore,28.891556740531456,0.39454723563560157
Northern Reef,Jellyfish,3,Endemic,Schooling,Shallow,Herbivore,24.680255786686985,0.41588655998137647
Southern Reef,Jellyfish,67,Endemic,Solitary,Deep,Carnivore,25.058307641253634,0.6258076722450933
Northern Reef,Crab,69,Endemic,Aggressive,Shallow,Omnivore,20.695487094647575,0.5080978485823477
Eastern Reef,Jellyfish,18,Endemic,Solitary,Deep,Carnivore,23.500143758659306,0.1517158056117828
Western Reef,Fish,94,Invasive,Solitary,Reef Crest,Carnivore,28.524632221954313,0.425380796825641
Southern Reef,Jellyfish,61,Endemic,Schooling,Reef Crest,Herbivore,23.770128011795492,0.3918999142394062
Southern Reef,Coral,31,Endemic,Solitary,Shallow,Carnivore,26.957719843346435,0.8579474363990744
Northern Reef,Fish,53,Endemic,Schooling,Shallow,Herbivore,25.486482911218022,0.12566354871186178
Eastern Reef,Jellyfish,76,Endemic,Solitary,Deep,Carnivore,25.340161275204238,0.5185665461817981
Southern Reef,Jellyfish,88,Endemic,Solitary,Shallow,Herbivore,23.41484216303897,0.13310098974134627
Eastern Reef,Fish,44,Invasive,Aggressive,Reef Crest,Herbivore,20.334320223443452,0.7425258100203472
Eastern Reef,Jellyfish,5,Invasive,Aggressive,Reef Crest,Herbivore,29.66098912283273,0.1768137346647281
Eastern Reef,Jellyfish,18,Endemic,Aggressive,Shallow,Carnivore,20.089767781385632,0.5687171068573627
Northern Reef,Crab,97,Invasive,Schooling,Deep,Herbivore,22.44216729030836,0.7129608569990825
Western Reef,Crab,55,Invasive,Schooling,Deep,Carnivore,23.05590408414384,0.6338177795980069
Western Reef,Crab,47,Endemic,Schooling,Deep,Herbivore,28.397747855151252,0.83449752915957
Eastern Reef,Jellyfish,49,Invasive,Solitary,Reef Crest,Omnivore,21.19864515061886,0.2961827599850132
Northern Reef,Jellyfish,51,Endemic,Schooling,Deep,Carnivore,20.186429303090495,0.860535825789051
Northern Reef,Coral,31,Endemic,Schooling,Shallow,Carnivore,29.120562519473093,0.5213533231821764
Western Reef,Jellyfish,98,Endemic,Aggressive,Reef Crest,Carnivore,22.82685840066924,0.6367878270707056
Eastern Reef,Crab,20,Endemic,Aggressive,Reef Crest,Omnivore,24.104561844571112,0.8663245980188834
Eastern Reef,Coral,59,Invasive,Solitary,Shallow,Carnivore,28.90482260531813,0.8044408614641475
Northern Reef,Coral,32,Invasive,Aggressive,Shallow,Herbivore,27.483837257545463,0.471100345516802
Western Reef,Crab,74,Endemic,Schooling,Shallow,Omnivore,20.09878530101353,0.48841079167339074
Western Reef,Coral,40,Endemic,Aggressive,Reef Crest,Omnivore,26.339256390532746,0.8150507049379917
Western Reef,Crab,85,Endemic,Schooling,Shallow,Herbivore,25.88037173966049,0.21126159613156734
Southern Reef,Jellyfish,84,Invasive,Solitary,Shallow,Omnivore,23.890252016352633,0.1956439808275878
Northern Reef,Jellyfish,8,Endemic,Aggressive,Shallow,Herbivore,29.04420257433301,0.7872305157695844
Eastern Reef,Coral,52,Endemic,Aggressive,Deep,Omnivore,24.976213475011463,0.5500122597755428
Eastern Reef,Crab,60,Invasive,Aggressive,Shallow,Herbivore,24.955763290315552,0.8394986948708261
Northern Reef,Jellyfish,60,Invasive,Solitary,Reef Crest,Omnivore,24.365604964544147,0.2309833770854377
Western Reef,Crab,82,Invasive,Schooling,Shallow,Herbivore,23.567955244891813,0.540757082183464
Eastern Reef,Coral,68,Invasive,Schooling,Deep,Herbivore,29.525898593479063,0.7645990032925435
Eastern Reef,Jellyfish,58,Endemic,Schooling,Reef Crest,Carnivore,24.328377204388374,0.48362749455101495
Western Reef,Fish,52,Invasive,Solitary,Deep,Herbivore,29.925029574903924,0.24050160389398184
Eastern Reef,Jellyfish,16,Endemic,Aggressive,Reef Crest,Carnivore,23.665161440417926,0.46173127771765077
Northern Reef,Coral,69,Endemic,Solitary,Reef Crest,Carnivore,28.872166042726228,0.6922329101376833
Western Reef,Coral,2,Invasive,Solitary,Reef Crest,Carnivore,23.769927619481855,0.5744283057587188
Western Reef,Jellyfish,77,Invasive,Aggressive,Shallow,Omnivore,24.969632646241706,0.763842244526064
Eastern Reef,Fish,70,Invasive,Aggressive,Deep,Omnivore,21.21654273717671,0.5481171770902008
Southern Reef,Fish,60,Endemic,Aggressive,Shallow,Herbivore,21.232188031268073,0.868709782388409
Northern Reef,Coral,87,Endemic,Solitary,Reef Crest,Herbivore,22.682820550866595,0.2541327890766507
Eastern Reef,Crab,63,Invasive,Aggressive,Deep,Herbivore,27.50468975707217,0.37080453824447357
Western Reef,Crab,34,Invasive,Schooling,Reef Crest,Carnivore,21.81036781985884,0.868896958725601
Eastern Reef,Coral,28,Invasive,Solitary,Deep,Omnivore,27.41915455998867,0.732593438418661
Western Reef,Fish,32,Invasive,Solitary,Deep,Omnivore,27.91144205061111,0.5955684326767716
Southern Reef,Fish,10,Endemic,Solitary,Reef Crest,Carnivore,28.439389105937337,0.6469212153964962
Eastern Reef,Fish,38,Endemic,Aggressive,Reef Crest,Omnivore,20.137047324519855,0.21900782246190742
Southern Reef,Crab,71,Invasive,Solitary,Shallow,Herbivore,22.79182095198442,0.6230500023455245
Eastern Reef,Fish,67,Invasive,Aggressive,Deep,Omnivore,26.706320923590866,0.15046099580498629
Southern Reef,Jellyfish,64,Invasive,Solitary,Reef Crest,Omnivore,26.861621359083692,0.7276506734476785
Western Reef,Coral,21,Endemic,Schooling,Reef Crest,Carnivore,29.233960656459434,0.32665456940167714
Western Reef,Crab,75,Invasive,Schooling,Shallow,Carnivore,25.94420150130052,0.6685105374241856
Southern Reef,Jellyfish,58,Invasive,Schooling,Deep,Herbivore,29.330492780992053,0.5225296345111163
Southern Reef,Crab,26,Endemic,Aggressive,Reef Crest,Omnivore,21.374785202922688,0.4457497204378166
Western Reef,Fish,43,Endemic,Schooling,Deep,Herbivore,20.176795359424933,0.7072585749215391
Western Reef,Jellyfish,93,Invasive,Solitary,Deep,Omnivore,26.723555319387987,0.49888287500847217
Northern Reef,Fish,7,Invasive,Aggressive,Deep,Carnivore,20.159644721836784,0.5095595735182398
Northern Reef,Crab,32,Invasive,Schooling,Shallow,Omnivore,20.978184679146928,0.4093914512536463
Eastern Reef,Jellyfish,28,Endemic,Solitary,Shallow,Herbivore,27.524969755108092,0.7151444032188355
Eastern Reef,Crab,78,Invasive,Solitary,Reef Crest,Carnivore,25.212078468329565,0.5166163961568835
Western Reef,Crab,63,Endemic,Schooling,Reef Crest,Omnivore,28.72435334463068,0.5585517848155838
Eastern Reef,Coral,38,Endemic,Solitary,Deep,Herbivore,23.442363413026207,0.8221395947979481
Southern Reef,Crab,7,Invasive,Solitary,Deep,Carnivore,23.09895614207631,0.3316563924638699
Eastern Reef,Crab,95,Invasive,Schooling,Deep,Carnivore,23.489999584304314,0.12542260890083226
Eastern Reef,Coral,23,Invasive,Solitary,Reef Crest,Carnivore,24.713427831416297,0.7113432287032483
Western Reef,Crab,40,Endemic,Solitary,Deep,Omnivore,23.109766740651565,0.28111510263771977
Western Reef,Coral,88,Invasive,Solitary,Reef Crest,Carnivore,26.11680849803259,0.5147875817976304
Western Reef,Fish,71,Endemic,Aggressive,Shallow,Herbivore,23.91415700211002,0.7966072862423332
Southern Reef,Crab,20,Invasive,Solitary,Reef Crest,Omnivore,25.769022872646154,0.468661989788832
Southern Reef,Fish,35,Invasive,Solitary,Shallow,Carnivore,28.799757156258295,0.45667219201851084
Western Reef,Coral,29,Invasive,Aggressive,Deep,Omnivore,22.115117420003518,0.77745286945823
Eastern Reef,Crab,51,Invasive,Schooling,Shallow,Omnivore,26.061903845326142,0.8998943165043615
Southern Reef,Crab,79,Invasive,Solitary,Reef Crest,Omnivore,25.08129111519171,0.21784090293492098
Northern Reef,Crab,96,Endemic,Schooling,Shallow,Carnivore,28.714474498206858,0.6683847011310978
Eastern Reef,Jellyfish,1,Endemic,Schooling,Shallow,Omnivore,27.77702404490571,0.8942947329511014
Southern Reef,Jellyfish,75,Invasive,Aggressive,Reef Crest,Herbivore,25.104186947782846,0.26892638271881897
Southern Reef,Crab,40,Invasive,Aggressive,Shallow,Omnivore,28.664356997967495,0.8373501375476239
Northern Reef,Fish,50,Endemic,Schooling,Reef Crest,Herbivore,23.529334457283866,0.6156527350375505
Western Reef,Crab,31,Invasive,Schooling,Shallow,Omnivore,21.445082513110304,0.8172311133435889
Northern Reef,Fish,33,Endemic,Schooling,Shallow,Carnivore,29.282489788231253,0.8172391938459368
Western Reef,Jellyfish,97,Endemic,Aggressive,Shallow,Herbivore,27.492355117492494,0.48803533689317946
Southern Reef,Crab,40,Invasive,Aggressive,Deep,Carnivore,23.632071649872934,0.35262240111100507
Eastern Reef,Jellyfish,70,Endemic,Schooling,Shallow,Omnivore,26.94783032893886,0.1644892929616253
Western Reef,Crab,34,Invasive,Solitary,Shallow,Omnivore,21.134516016653198,0.3998577151889391
Western Reef,Fish,32,Endemic,Schooling,Shallow,Herbivore,20.401916072305397,0.1714498407235472
Southern Reef,Jellyfish,31,Invasive,Aggressive,Deep,Herbivore,21.243967706306627,0.621276114887986
Northern Reef,Coral,67,Invasive,Aggressive,Deep,Carnivore,23.634153934624678,0.41314775644075274
Western Reef,Crab,23,Invasive,Solitary,Shallow,Herbivore,25.23215264363317,0.8165728837433848
Northern Reef,Jellyfish,95,Endemic,Aggressive,Deep,Omnivore,28.736192703057277,0.22665133112143743
Western Reef,Fish,53,Endemic,Schooling,Shallow,Carnivore,20.69343004497334,0.34937401557884995
Northern Reef,Jellyfish,99,Invasive,Aggressive,Deep,Herbivore,28.90119726013657,0.7971762032307271
Western Reef,Fish,79,Invasive,Aggressive,Reef Crest,Herbivore,25.984452002443,0.5931750204745294
Western Reef,Jellyfish,26,Endemic,Solitary,Shallow,Herbivore,27.316346638217343,0.6582453891678542
Eastern Reef,Fish,57,Invasive,Aggressive,Deep,Carnivore,21.295252160742706,0.6882100040480941
Eastern Reef,Fish,77,Invasive,Solitary,Shallow,Omnivore,23.649427774884224,0.7273498638071499
Western Reef,Coral,10,Endemic,Schooling,Deep,Omnivore,29.74602344165568,0.5598239127021029
Southern Reef,Coral,60,Invasive,Solitary,Shallow,Carnivore,28.101923899084547,0.33118044105244016
Western Reef,Jellyfish,95,Endemic,Schooling,Shallow,Carnivore,21.288715289626214,0.8744280036518054
Eastern Reef,Jellyfish,74,Invasive,Aggressive,Reef Crest,Herbivore,26.77921342790532,0.1018657597606854
Western Reef,Crab,62,Endemic,Solitary,Deep,Herbivore,27.390842278260966,0.7690861365576004
Southern Reef,Crab,72,Endemic,Schooling,Reef Crest,Carnivore,27.414178695090897,0.6086167566476489
Eastern Reef,Fish,13,Endemic,Schooling,Shallow,Carnivore,20.862403990894755,0.2374310466686752
Southern Reef,Fish,13,Endemic,Schooling,Reef Crest,Omnivore,26.802601843798797,0.853879359253153
Eastern Reef,Crab,66,Endemic,Aggressive,Deep,Carnivore,29.534033340500795,0.16507548797759153
Southern Reef,Jellyfish,40,Invasive,Aggressive,Deep,Herbivore,26.073671482736938,0.23343604002210114
Northern Reef,Coral,39,Endemic,Aggressive,Shallow,Carnivore,22.185776215132577,0.8013664814978357
Northern Reef,Fish,29,Invasive,Aggressive,Deep,Carnivore,21.7223083515909,0.31672195495397115
Northern Reef,Coral,7,Endemic,Solitary,Reef Crest,Omnivore,28.391226963250283,0.8774149001824464
Western Reef,Crab,32,Endemic,Solitary,Reef Crest,Carnivore,24.615402810617084,0.36624445959838026
Southern Reef,Jellyfish,63,Invasive,Schooling,Deep,Carnivore,28.070180046086044,0.5074868921004655
Western Reef,Fish,57,Invasive,Solitary,Shallow,Omnivore,20.79963694391438,0.6420743250630868
Southern Reef,Fish,77,Endemic,Solitary,Shallow,Carnivore,22.237524250654438,0.6271681338765424
Eastern Reef,Fish,18,Endemic,Aggressive,Deep,Carnivore,22.0382674823605,0.3560175979624072
Eastern Reef,Coral,23,Invasive,Aggressive,Deep,Carnivore,25.07842869692299,0.21274159910110566
Southern Reef,Fish,17,Invasive,Schooling,Deep,Herbivore,21.065907701093497,0.6749294270537108
Eastern Reef,Crab,54,Invasive,Schooling,Reef Crest,Omnivore,23.516328328533085,0.3108349094960836
Northern Reef,Crab,26,Invasive,Schooling,Reef Crest,Herbivore,21.00290858610914,0.40545213397381186
Northern Reef,Coral,78,Invasive,Aggressive,Reef Crest,Herbivore,29.3536287013985,0.8539478575600874
Northern Reef,Jellyfish,80,Invasive,Schooling,Reef Crest,Omnivore,26.530634279475795,0.48400857519356777
Northern Reef,Fish,5,Endemic,Schooling,Shallow,Carnivore,29.16617932025764,0.4067122238636357
Northern Reef,Crab,86,Endemic,Schooling,Reef Crest,Herbivore,27.573557965086756,0.4500719636555329
Eastern Reef,Jellyfish,49,Invasive,Schooling,Shallow,Omnivore,21.26913797062597,0.6419038618070068
Eastern Reef,Coral,74,Invasive,Solitary,Deep,Herbivore,26.43438622805339,0.5017528060134318
Western Reef,Coral,29,Invasive,Aggressive,Shallow,Herbivore,22.03551955171205,0.6679350788865014
Eastern Reef,Fish,46,Endemic,Aggressive,Shallow,Herbivore,23.25754386591196,0.4900471728972474
Western Reef,Jellyfish,25,Endemic,Solitary,Deep,Herbivore,27.196632007832825,0.7210343720154659
Eastern Reef,Crab,47,Invasive,Schooling,Shallow,Omnivore,24.193426565647286,0.6526013440304703
Southern Reef,Jellyfish,85,Endemic,Aggressive,Deep,Carnivore,23.016656851685045,0.8333157004989439
Southern Reef,Crab,71,Invasive,Aggressive,Reef Crest,Carnivore,24.109587143228246,0.7135416841422514
Western Reef,Crab,96,Invasive,Aggressive,Deep,Carnivore,23.803294374772406,0.8707752288241885
Northern Reef,Fish,69,Endemic,Schooling,Reef Crest,Omnivore,20.267077931835594,0.5576794821602589
Southern Reef,Crab,74,Endemic,Aggressive,Deep,Herbivore,22.241059157262274,0.4775551816408654
Northern Reef,Fish,70,Invasive,Schooling,Reef Crest,Carnivore,29.96305240142734,0.43407319268835864
Eastern Reef,Jellyfish,39,Endemic,Aggressive,Shallow,Omnivore,29.516558376909124,0.5049832162113093
Northern Reef,Fish,5,Endemic,Aggressive,Shallow,Omnivore,29.23276338923864,0.7444316943992157
Eastern Reef,Jellyfish,38,Endemic,Aggressive,Deep,Carnivore,24.4047505111617,0.7569829740648469
Eastern Reef,Crab,69,Endemic,Solitary,Shallow,Herbivore,28.84107964899503,0.29997659795497916
Eastern Reef,Jellyfish,23,Endemic,Schooling,Shallow,Herbivore,20.064183292795246,0.6758378627258849
Eastern Reef,Crab,87,Invasive,Aggressive,Deep,Herbivore,22.01053934212707,0.17453315196894517
Southern Reef,Crab,28,Endemic,Solitary,Reef Crest,Omnivore,20.173723282984454,0.46545109439457655
Eastern Reef,Fish,99,Endemic,Aggressive,Deep,Carnivore,28.320814744422044,0.5609456792957173
Southern Reef,Coral,40,Endemic,Aggressive,Shallow,Omnivore,21.127296524365146,0.3219192928880479
Western Reef,Jellyfish,63,Endemic,Schooling,Shallow,Carnivore,26.86013389192921,0.2783528604470389
Southern Reef,Jellyfish,70,Endemic,Solitary,Shallow,Omnivore,22.503842334214845,0.8207747310152709
Western Reef,Fish,72,Invasive,Aggressive,Deep,Carnivore,20.61821934344071,0.4201793886327424
Southern Reef,Coral,2,Invasive,Aggressive,Reef Crest,Omnivore,23.002287071670985,0.8240892834767165
Southern Reef,Coral,35,Invasive,Solitary,Deep,Omnivore,26.493903104014677,0.2445082213852775
Eastern Reef,Fish,99,Invasive,Aggressive,Reef Crest,Omnivore,23.44581422798466,0.5431323303482976
Eastern Reef,Fish,7,Endemic,Solitary,Shallow,Carnivore,29.615800393414123,0.5057817988631215
Eastern Reef,Coral,37,Invasive,Solitary,Deep,Herbivore,20.935064944450104,0.8872104153349828
Southern Reef,Coral,43,Endemic,Solitary,Shallow,Omnivore,24.703615325221527,0.80715657417645
Southern Reef,Jellyfish,97,Invasive,Aggressive,Shallow,Omnivore,27.932354135774755,0.549288598549454
Northern Reef,Fish,30,Endemic,Solitary,Deep,Omnivore,22.42908564148672,0.4906092649334898
Eastern Reef,Jellyfish,73,Endemic,Schooling,Shallow,Carnivore,21.22748767695802,0.5026872990464762
Southern Reef,Crab,20,Invasive,Solitary,Deep,Omnivore,22.857783739043928,0.8546417161534453
Eastern Reef,Crab,45,Invasive,Schooling,Shallow,Herbivore,23.46799128683707,0.7268932548242004
Eastern Reef,Crab,44,Endemic,Solitary,Reef Crest,Herbivore,20.339287787203144,0.3275858209830328
Eastern Reef,Coral,32,Endemic,Schooling,Reef Crest,Herbivore,28.24078499950947,0.642094135442578
Eastern Reef,Fish,85,Endemic,Solitary,Reef Crest,Herbivore,27.870627807725846,0.4670726913472619
Southern Reef,Fish,35,Invasive,Schooling,Reef Crest,Herbivore,28.409315432822943,0.3396941709236767
Eastern Reef,Jellyfish,40,Endemic,Aggressive,Deep,Herbivore,24.428923469711798,0.7318777422733869
Northern Reef,Crab,97,Endemic,Aggressive,Deep,Omnivore,28.944073387454864,0.2973757885180242
Northern Reef,Coral,44,Invasive,Aggressive,Reef Crest,Omnivore,26.85186993620854,0.24284745559441767
Western Reef,Crab,3,Invasive,Schooling,Reef Crest,Omnivore,26.31423402319125,0.6544295170527402
Western Reef,Crab,1,Endemic,Solitary,Reef Crest,Omnivore,21.96763647855436,0.6537661876162144
Eastern Reef,Crab,97,Invasive,Aggressive,Shallow,Carnivore,24.266206893424,0.4774930963960643
Western Reef,Coral,14,Endemic,Solitary,Deep,Carnivore,20.132141314022878,0.8641574467764425
Northern Reef,Fish,34,Endemic,Aggressive,Deep,Herbivore,24.049192151211283,0.4388863995288357
Western Reef,Jellyfish,34,Invasive,Aggressive,Deep,Herbivore,29.5726761502945,0.30834460768841465
Eastern Reef,Coral,9,Invasive,Solitary,Reef Crest,Carnivore,28.963077154176894,0.6560045992363561
Northern Reef,Jellyfish,2,Invasive,Solitary,Shallow,Herbivore,21.388380398418146,0.6806382130656029
Northern Reef,Coral,59,Endemic,Solitary,Shallow,Herbivore,24.77086572957173,0.24944561028538034
Western Reef,Coral,61,Endemic,Schooling,Deep,Carnivore,22.413753535523725,0.6843670953813729
Southern Reef,Jellyfish,20,Invasive,Aggressive,Deep,Omnivore,23.81374640475316,0.6834714708881415
Southern Reef,Coral,69,Endemic,Schooling,Reef Crest,Carnivore,20.553607962037702,0.7699755144944856
Western Reef,Fish,73,Invasive,Aggressive,Reef Crest,Carnivore,26.81178275082147,0.655646454773647
Southern Reef,Jellyfish,98,Endemic,Aggressive,Shallow,Carnivore,23.855176174790508,0.2773015440831208
Northern Reef,Jellyfish,28,Endemic,Solitary,Reef Crest,Omnivore,24.406023324033015,0.5636621971028019
Southern Reef,Crab,26,Endemic,Schooling,Deep,Omnivore,27.277784456500065,0.5821783110879623
Eastern Reef,Jellyfish,85,Invasive,Schooling,Shallow,Herbivore,25.792731747437767,0.8357974710872172
Southern Reef,Fish,89,Endemic,Solitary,Shallow,Herbivore,22.022322967228554,0.7926634157318007
Eastern Reef,Crab,50,Invasive,Solitary,Deep,Herbivore,26.248155732443298,0.1351716134484427
Northern Reef,Fish,50,Invasive,Schooling,Deep,Omnivore,22.08157953196025,0.7716034480296081
Southern Reef,Crab,23,Invasive,Solitary,Reef Crest,Omnivore,28.366682096901165,0.7294966439674341
Western Reef,Jellyfish,81,Endemic,Aggressive,Reef Crest,Omnivore,26.388415589412112,0.7360733809497604
Eastern Reef,Coral,49,Endemic,Schooling,Reef Crest,Herbivore,24.123753238273196,0.7889463166881686
Western Reef,Coral,82,Invasive,Solitary,Shallow,Carnivore,28.326926603716743,0.7077686155232706
Northern Reef,Crab,50,Invasive,Schooling,Reef Crest,Herbivore,28.571688497087933,0.18853250977164368
Western Reef,Fish,79,Endemic,Aggressive,Reef Crest,Herbivore,28.53561352830041,0.8510973576109809
Eastern Reef,Jellyfish,13,Invasive,Aggressive,Deep,Carnivore,29.139130837591093,0.6247677763534794
Southern Reef,Fish,3,Invasive,Schooling,Reef Crest,Carnivore,21.94398435079499,0.6381930659666589
Eastern Reef,Coral,59,Endemic,Schooling,Shallow,Herbivore,20.017426318998936,0.5677305675831338
Western Reef,Jellyfish,51,Endemic,Schooling,Reef Crest,Herbivore,28.433150415602974,0.5260462371255247
Northern Reef,Crab,17,Invasive,Solitary,Shallow,Herbivore,25.73402269649291,0.13009511626633793
Northern Reef,Jellyfish,33,Invasive,Schooling,Shallow,Omnivore,27.026226770817615,0.2003221111322077
Eastern Reef,Coral,37,Invasive,Aggressive,Deep,Herbivore,26.273277959259858,0.5792106517013786
Eastern Reef,Coral,57,Invasive,Schooling,Reef Crest,Omnivore,22.060819016338876,0.7830792069649822
Southern Reef,Fish,92,Invasive,Solitary,Reef Crest,Carnivore,26.940560173417467,0.4169987603380617
Northern Reef,Crab,67,Invasive,Schooling,Deep,Herbivore,20.466416057327578,0.108930392719578
Western Reef,Jellyfish,12,Endemic,Aggressive,Shallow,Omnivore,22.594566754310893,0.35866436841912364
Northern Reef,Fish,23,Endemic,Solitary,Deep,Herbivore,27.842478190387354,0.3814529680573835
Eastern Reef,Fish,67,Invasive,Schooling,Shallow,Herbivore,25.830499378977954,0.8356339418705395
Northern Reef,Fish,2,Endemic,Aggressive,Reef Crest,Omnivore,20.06301192571184,0.16338825207535068
Western Reef,Coral,26,Endemic,Aggressive,Deep,Herbivore,21.525390395634076,0.8027056534693794
Northern Reef,Fish,67,Endemic,Schooling,Reef Crest,Omnivore,25.615383575220065,0.24890288659703386
Eastern Reef,Jellyfish,88,Endemic,Solitary,Deep,Carnivore,28.098301431969926,0.4503122505648086
Eastern Reef,Jellyfish,14,Invasive,Schooling,Deep,Herbivore,24.17345022086222,0.5412941483653108
Western Reef,Crab,64,Endemic,Aggressive,Reef Crest,Omnivore,24.989366913332038,0.42982025919861
Southern Reef,Jellyfish,94,Endemic,Aggressive,Reef Crest,Carnivore,22.503853565929937,0.7201281847045532
Southern Reef,Coral,67,Endemic,Schooling,Reef Crest,Herbivore,26.8017185473146,0.5672767681651627
Northern Reef,Fish,79,Endemic,Aggressive,Reef Crest,Omnivore,29.032535209998528,0.46922277421697933
Eastern Reef,Coral,29,Endemic,Schooling,Reef Crest,Herbivore,22.887770453877387,0.7711510414135362
Southern Reef,Fish,53,Invasive,Solitary,Shallow,Carnivore,28.42182792841778,0.7154585372610509
Eastern Reef,Crab,3,Invasive,Schooling,Shallow,Herbivore,23.65856836778598,0.7283169774698325
Northern Reef,Fish,5,Endemic,Aggressive,Reef Crest,Herbivore,26.86021486963952,0.17263420563964704
Northern Reef,Crab,53,Invasive,Solitary,Deep,Carnivore,26.807565765166984,0.2945436668221121
Southern Reef,Jellyfish,14,Invasive,Schooling,Deep,Carnivore,28.321330190620202,0.24670137185126864
Northern Reef,Coral,87,Endemic,Schooling,Deep,Herbivore,21.751591499136406,0.8197537473802553
Northern Reef,Jellyfish,54,Endemic,Aggressive,Shallow,Omnivore,28.139824388484698,0.16394520358745526
Western Reef,Crab,46,Endemic,Schooling,Reef Crest,Carnivore,21.472607610254865,0.14145071432602274
Eastern Reef,Crab,55,Invasive,Schooling,Shallow,Omnivore,24.403922454231974,0.81675935162438
Southern Reef,Fish,88,Invasive,Aggressive,Deep,Herbivore,24.706783212966528,0.2513746525060707
Eastern Reef,Fish,41,Invasive,Aggressive,Deep,Carnivore,24.141813944120287,0.15331478506935392
Northern Reef,Jellyfish,59,Invasive,Solitary,Deep,Carnivore,20.137170512742355,0.754635837712555
Eastern Reef,Crab,84,Invasive,Aggressive,Shallow,Carnivore,21.79998837690211,0.3633643084442214
Eastern Reef,Jellyfish,48,Invasive,Aggressive,Deep,Omnivore,28.866870603452927,0.16770697808513085
Western Reef,Fish,33,Invasive,Aggressive,Deep,Herbivore,26.715619129781253,0.25744195896309413
Eastern Reef,Crab,76,Invasive,Solitary,Reef Crest,Carnivore,23.195154446954295,0.8400178464115904
Northern Reef,Crab,91,Endemic,Aggressive,Reef Crest,Herbivore,23.74119261076284,0.8037671343069555
Eastern Reef,Fish,47,Invasive,Solitary,Shallow,Herbivore,20.580297252898077,0.5143638517530029
Southern Reef,Coral,30,Invasive,Schooling,Reef Crest,Herbivore,24.245221686337437,0.7104560455250573
Eastern Reef,Coral,10,Invasive,Schooling,Reef Crest,Carnivore,28.020175177887893,0.6801286976136338
Eastern Reef,Jellyfish,97,Endemic,Solitary,Shallow,Omnivore,23.030865352824186,0.684455963446291
Southern Reef,Coral,40,Endemic,Schooling,Reef Crest,Omnivore,29.992590011766005,0.610090454052513
Southern Reef,Crab,30,Invasive,Solitary,Deep,Herbivore,20.418166335097414,0.638952512189411
Southern Reef,Crab,84,Endemic,Schooling,Reef Crest,Herbivore,21.08309226463235,0.6242549250210532
Southern Reef,Jellyfish,69,Invasive,Aggressive,Reef Crest,Herbivore,22.638494569455744,0.36014775133541455
Western Reef,Jellyfish,7,Invasive,Aggressive,Shallow,Omnivore,28.041773483243624,0.8244993184052593
Southern Reef,Crab,13,Invasive,Schooling,Deep,Omnivore,26.157328059129114,0.5024162864611379
Southern Reef,Crab,77,Endemic,Aggressive,Reef Crest,Herbivore,23.138159186915942,0.6071695546044329
Northern Reef,Coral,20,Endemic,Solitary,Deep,Herbivore,26.526438709382212,0.1962389690608026
Western Reef,Jellyfish,49,Endemic,Solitary,Reef Crest,Herbivore,24.623368998538737,0.3436393182483749
Eastern Reef,Jellyfish,87,Endemic,Schooling,Deep,Carnivore,22.98027738378496,0.8055434831557119
Western Reef,Crab,3,Invasive,Solitary,Reef Crest,Omnivore,29.680574398726776,0.5977163530923645
Eastern Reef,Fish,29,Invasive,Solitary,Shallow,Carnivore,27.09422434958683,0.4536437967357704
Western Reef,Fish,62,Invasive,Solitary,Deep,Herbivore,22.091569586647992,0.8748702772489971
Northern Reef,Crab,78,Invasive,Solitary,Deep,Carnivore,26.187661575111225,0.37665265018375704
Northern Reef,Jellyfish,35,Endemic,Aggressive,Deep,Herbivore,25.676127445797245,0.19335594847068
Western Reef,Crab,63,Endemic,Aggressive,Shallow,Herbivore,21.378129558798836,0.4372900765457878
Northern Reef,Crab,60,Invasive,Schooling,Deep,Carnivore,27.128207917323213,0.39075133961278985
Eastern Reef,Fish,44,Invasive,Schooling,Reef Crest,Carnivore,24.60258281913748,0.8663444397291217
Eastern Reef,Coral,71,Endemic,Solitary,Reef Crest,Omnivore,26.69107111316841,0.31797158597870356
Eastern Reef,Crab,53,Invasive,Schooling,Shallow,Carnivore,28.916780071766247,0.5602801584033829
Southern Reef,Jellyfish,98,Invasive,Aggressive,Reef Crest,Herbivore,20.25995928458172,0.22881894477437648
Southern Reef,Crab,25,Invasive,Aggressive,Deep,Carnivore,26.5696113523135,0.39252999639811736
Eastern Reef,Coral,5,Invasive,Aggressive,Reef Crest,Omnivore,29.34508349783123,0.11832281809074018
Eastern Reef,Crab,13,Invasive,Schooling,Deep,Herbivore,23.490288537584643,0.5503459203109263
Southern Reef,Fish,26,Endemic,Aggressive,Shallow,Omnivore,26.717851070568514,0.6254927491566448
Northern Reef,Jellyfish,92,Invasive,Aggressive,Shallow,Omnivore,25.52888032703379,0.8478164724168114
Northern Reef,Fish,63,Invasive,Aggressive,Reef Crest,Carnivore,26.242921909042526,0.8989399889206543
Western Reef,Jellyfish,56,Invasive,Solitary,Shallow,Omnivore,22.223521944463048,0.23882666931319127
Southern Reef,Jellyfish,78,Invasive,Aggressive,Reef Crest,Herbivore,26.87906848547194,0.3204333062986253
Northern Reef,Fish,79,Endemic,Schooling,Deep,Carnivore,20.91857729239958,0.1352514303643032
Eastern Reef,Coral,72,Endemic,Aggressive,Shallow,Herbivore,29.966960080066066,0.3268129348882942
Northern Reef,Coral,12,Endemic,Aggressive,Shallow,Omnivore,29.11683111699105,0.6486641004108603
Northern Reef,Jellyfish,2,Endemic,Solitary,Shallow,Herbivore,21.476982569347243,0.4289853828794178
Western Reef,Fish,51,Invasive,Solitary,Reef Crest,Carnivore,29.412187690691447,0.2736577685523375
Southern Reef,Crab,95,Endemic,Solitary,Deep,Herbivore,28.735478353786547,0.1715554173526498
Southern Reef,Fish,81,Invasive,Schooling,Deep,Carnivore,24.397849212283013,0.27502925281629187
Southern Reef,Jellyfish,16,Endemic,Schooling,Shallow,Omnivore,25.98504744786799,0.21605749969603352
Northern Reef,Crab,85,Invasive,Aggressive,Reef Crest,Omnivore,24.248730967562935,0.13814998463768077
Eastern Reef,Coral,80,Endemic,Schooling,Deep,Herbivore,22.814149336664247,0.4685398007920186
Southern Reef,Fish,38,Endemic,Aggressive,Shallow,Omnivore,24.156688088361538,0.46943645776133913
Eastern Reef,Jellyfish,72,Endemic,Schooling,Deep,Carnivore,21.927720224052848,0.744888527628039
Western Reef,Jellyfish,14,Invasive,Aggressive,Deep,Carnivore,29.26559182504763,0.13353006637109424
Southern Reef,Coral,42,Endemic,Schooling,Shallow,Omnivore,22.294731959420808,0.3593218236047888
Western Reef,Crab,84,Endemic,Solitary,Reef Crest,Herbivore,23.238690390961047,0.5767425377614469
Northern Reef,Coral,99,Invasive,Schooling,Reef Crest,Omnivore,22.621940419354274,0.17954595608532423
Northern Reef,Jellyfish,60,Endemic,Schooling,Deep,Carnivore,29.88032242113519,0.6493649144292426
Eastern Reef,Crab,72,Endemic,Schooling,Deep,Carnivore,29.51820904977608,0.36515668500558396
Eastern Reef,Jellyfish,15,Invasive,Solitary,Shallow,Herbivore,26.05278025325874,0.40077694567868627
Eastern Reef,Fish,67,Endemic,Schooling,Reef Crest,Omnivore,26.476078861417033,0.4043229927198405
Western Reef,Jellyfish,74,Invasive,Solitary,Shallow,Herbivore,25.662185140438986,0.24109019965733225
Western Reef,Crab,71,Endemic,Solitary,Deep,Omnivore,27.277982371924878,0.2834945305238348
Eastern Reef,Coral,69,Endemic,Solitary,Shallow,Omnivore,20.905168340944726,0.7087601756795309
Northern Reef,Crab,75,Invasive,Solitary,Deep,Carnivore,23.941450478493504,0.7888530587608072
Western Reef,Jellyfish,52,Endemic,Solitary,Reef Crest,Carnivore,21.949060904682906,0.4309267618553926
Southern Reef,Crab,35,Invasive,Solitary,Shallow,Carnivore,28.996369549502266,0.7186730798137946
Southern Reef,Fish,41,Endemic,Solitary,Shallow,Carnivore,24.258994392867567,0.25391871668681143
Eastern Reef,Jellyfish,7,Endemic,Solitary,Deep,Omnivore,27.260419062681144,0.18216614387129662
Western Reef,Coral,82,Invasive,Schooling,Deep,Herbivore,25.271400757459794,0.7256544167094102
Southern Reef,Fish,98,Invasive,Solitary,Shallow,Omnivore,28.345690793046565,0.73028449182432
Eastern Reef,Coral,51,Invasive,Schooling,Shallow,Carnivore,21.868975905407005,0.28168590450280895
Eastern Reef,Coral,51,Endemic,Solitary,Reef Crest,Carnivore,24.66360812360447,0.8992351115120761
Southern Reef,Jellyfish,77,Endemic,Solitary,Reef Crest,Carnivore,23.364927904328862,0.16014441654191086
Western Reef,Fish,4,Invasive,Schooling,Reef Crest,Carnivore,20.296280845873124,0.22725535211968184
Southern Reef,Jellyfish,99,Endemic,Solitary,Shallow,Herbivore,21.240374286338348,0.560357402109018
Eastern Reef,Crab,48,Endemic,Schooling,Shallow,Herbivore,28.53927173430892,0.41621573019135505
Eastern Reef,Crab,72,Endemic,Solitary,Reef Crest,Carnivore,27.161449134833862,0.8112403655528607
Southern Reef,Crab,26,Invasive,Aggressive,Shallow,Carnivore,21.429990323700764,0.27506161317837186
Eastern Reef,Coral,89,Endemic,Aggressive,Reef Crest,Omnivore,23.642675020485125,0.3965135171364035
Southern Reef,Crab,25,Endemic,Solitary,Deep,Omnivore,22.712907470991368,0.35967454522444686
Western Reef,Jellyfish,95,Endemic,Solitary,Shallow,Herbivore,20.776832764620764,0.4540425498191396
Eastern Reef,Crab,43,Endemic,Aggressive,Shallow,Carnivore,24.378281159862027,0.46737475040760434
Western Reef,Crab,40,Endemic,Solitary,Reef Crest,Carnivore,20.442595507966498,0.677798554445924
Southern Reef,Coral,75,Endemic,Aggressive,Shallow,Omnivore,26.327048590810527,0.8144161140846654
Western Reef,Jellyfish,26,Endemic,Schooling,Deep,Omnivore,25.21236896047813,0.1955531992476666
Western Reef,Coral,16,Invasive,Aggressive,Deep,Omnivore,24.315914664919692,0.5418637106438976
Northern Reef,Fish,17,Invasive,Aggressive,Deep,Herbivore,29.541123132644792,0.3813211389127249
Western Reef,Coral,77,Invasive,Aggressive,Shallow,Omnivore,29.692418724877328,0.3657180449930525
Southern Reef,Fish,99,Invasive,Schooling,Reef Crest,Omnivore,22.425517335300647,0.7317597847694708
Northern Reef,Fish,98,Endemic,Solitary,Shallow,Herbivore,28.920941360237396,0.13440068078767464
Eastern Reef,Jellyfish,10,Invasive,Solitary,Deep,Herbivore,27.531833947667415,0.7915363277767552
Western Reef,Coral,57,Endemic,Solitary,Deep,Carnivore,25.236583504916815,0.7184541088163052
Western Reef,Coral,76,Invasive,Aggressive,Shallow,Carnivore,26.524930732811118,0.3346059466380143
Northern Reef,Crab,14,Invasive,Solitary,Deep,Carnivore,25.16139945259224,0.7145791859730454
Northern Reef,Fish,89,Invasive,Schooling,Reef Crest,Herbivore,22.86250922647905,0.4442433552030455
Southern Reef,Coral,54,Endemic,Solitary,Deep,Carnivore,24.776066738863292,0.5132005529494819
Southern Reef,Crab,20,Invasive,Schooling,Reef Crest,Herbivore,28.953974402667356,0.17324010556189098
Southern Reef,Jellyfish,64,Endemic,Aggressive,Shallow,Carnivore,28.777694280785532,0.2519319405478311
Eastern Reef,Fish,3,Endemic,Aggressive,Reef Crest,Herbivore,21.63920657373736,0.6871109723235599
Eastern Reef,Jellyfish,91,Endemic,Schooling,Deep,Carnivore,20.611556193624814,0.7143226822022906
Northern Reef,Coral,73,Invasive,Aggressive,Shallow,Herbivore,23.662820042750408,0.483439640541814
Western Reef,Coral,14,Invasive,Solitary,Deep,Omnivore,23.917476743227677,0.767361101831543
Northern Reef,Fish,3,Invasive,Solitary,Shallow,Omnivore,27.448956287058174,0.28176713962013933
Western Reef,Fish,82,Invasive,Aggressive,Shallow,Omnivore,29.274687475247603,0.4728883440662621
Eastern Reef,Coral,1,Invasive,Aggressive,Deep,Omnivore,24.01116841258588,0.18349057457914908
Southern Reef,Jellyfish,38,Endemic,Schooling,Shallow,Omnivore,26.78468650287379,0.19413706603061032
Western Reef,Fish,79,Endemic,Aggressive,Reef Crest,Carnivore,26.49312800938525,0.33510797053244534
Eastern Reef,Jellyfish,5,Endemic,Solitary,Reef Crest,Herbivore,20.772254220328385,0.7328603783486946
Southern Reef,Fish,63,Invasive,Solitary,Deep,Omnivore,28.548878907018967,0.5638659008659812
Southern Reef,Coral,53,Invasive,Solitary,Shallow,Herbivore,21.239195489051916,0.1860460838141961
Western Reef,Jellyfish,70,Invasive,Solitary,Shallow,Omnivore,22.421280343496598,0.6635814734208368
Southern Reef,Coral,16,Endemic,Schooling,Shallow,Carnivore,26.181992032371614,0.5124024673755085
Southern Reef,Jellyfish,75,Endemic,Aggressive,Reef Crest,Carnivore,24.712856536360313,0.2106450536556264
Western Reef,Coral,58,Endemic,Schooling,Shallow,Herbivore,22.319834775182116,0.2523260816970786
Southern Reef,Crab,43,Endemic,Aggressive,Shallow,Herbivore,26.711515347143386,0.21185728798066786
Northern Reef,Jellyfish,13,Endemic,Aggressive,Shallow,Herbivore,23.002452323825356,0.7215531173234792
Western Reef,Crab,15,Invasive,Solitary,Reef Crest,Omnivore,24.55031932624903,0.8859301131373705
Western Reef,Jellyfish,55,Endemic,Solitary,Reef Crest,Omnivore,23.1673916124174,0.3146450106750679
Eastern Reef,Jellyfish,41,Endemic,Solitary,Deep,Carnivore,24.977831423061353,0.349015602586633
Northern Reef,Crab,43,Endemic,Schooling,Reef Crest,Omnivore,25.480880295659,0.6268199195130431
Eastern Reef,Coral,66,Endemic,Aggressive,Shallow,Omnivore,29.603377697732373,0.7086403432762849
Western Reef,Coral,32,Invasive,Schooling,Shallow,Carnivore,28.47689523560753,0.6206842342162693
Northern Reef,Crab,17,Invasive,Aggressive,Deep,Carnivore,25.857675761460392,0.8815811129030059
Eastern Reef,Jellyfish,49,Invasive,Schooling,Shallow,Carnivore,23.807631224279405,0.7603048154421159
Northern Reef,Fish,41,Endemic,Aggressive,Shallow,Herbivore,21.107781994478273,0.22769486240194814
Southern Reef,Jellyfish,20,Invasive,Aggressive,Shallow,Omnivore,22.70522231984934,0.13584473969748725
Northern Reef,Fish,63,Invasive,Solitary,Shallow,Carnivore,26.78222278351207,0.24008094500681462
Western Reef,Crab,25,Invasive,Aggressive,Reef Crest,Carnivore,26.20184909357536,0.702837931656354
Eastern Reef,Crab,27,Endemic,Aggressive,Reef Crest,Carnivore,24.436965406977812,0.20656917266617178
Southern Reef,Jellyfish,96,Invasive,Solitary,Shallow,Carnivore,27.1379596496566,0.44662398903134537
Western Reef,Fish,53,Endemic,Aggressive,Shallow,Herbivore,23.242712781620043,0.8628241804451307
Western Reef,Crab,7,Endemic,Schooling,Deep,Omnivore,20.24151309781659,0.2780334761375468
Western Reef,Crab,76,Endemic,Solitary,Reef Crest,Carnivore,25.141606615397073,0.18148832231013623
Eastern Reef,Jellyfish,45,Invasive,Solitary,Shallow,Carnivore,26.424506923701493,0.202046384774466
Western Reef,Jellyfish,90,Endemic,Aggressive,Reef Crest,Carnivore,22.32516082767937,0.8117864313379077
Western Reef,Crab,34,Invasive,Schooling,Shallow,Herbivore,22.33461955822558,0.6091316450010261
Southern Reef,Coral,54,Invasive,Aggressive,Deep,Carnivore,22.577085953676303,0.21153529352938627
Northern Reef,Jellyfish,1,Invasive,Solitary,Reef Crest,Herbivore,23.45690870939919,0.5454501687736384
Southern Reef,Fish,88,Invasive,Aggressive,Deep,Herbivore,20.052525750357187,0.606562416256368
Southern Reef,Crab,69,Endemic,Aggressive,Deep,Omnivore,23.624416757084692,0.8991097325620946
Western Reef,Fish,98,Endemic,Schooling,Shallow,Herbivore,26.112574617161535,0.4340287144970755
Western Reef,Coral,15,Invasive,Solitary,Shallow,Carnivore,27.39625946313288,0.15484890550145425
Northern Reef,Jellyfish,37,Invasive,Solitary,Deep,Omnivore,26.858006739976993,0.27670670727628244
Southern Reef,Fish,69,Invasive,Schooling,Deep,Omnivore,29.328867038896387,0.19902367050826816
Northern Reef,Fish,83,Invasive,Schooling,Reef Crest,Carnivore,28.629107876580456,0.16299796581992787
Western Reef,Jellyfish,74,Invasive,Solitary,Reef Crest,Herbivore,25.236343168717738,0.21905865481380493
Western Reef,Coral,35,Endemic,Aggressive,Shallow,Omnivore,22.017181583792095,0.19188928087078586
Western Reef,Fish,26,Endemic,Schooling,Deep,Carnivore,21.63290690336928,0.25980777666592514
Eastern Reef,Fish,20,Endemic,Aggressive,Reef Crest,Omnivore,29.036973179396018,0.8097008051843866
Eastern Reef,Jellyfish,65,Endemic,Schooling,Reef Crest,Herbivore,23.445853487055132,0.5194791212597714
Northern Reef,Crab,79,Invasive,Aggressive,Deep,Carnivore,26.551666814478736,0.7653533245973941
Southern Reef,Fish,69,Invasive,Schooling,Deep,Carnivore,26.561263196868268,0.6912804388377297
Southern Reef,Coral,43,Endemic,Aggressive,Shallow,Carnivore,20.700266768651318,0.38254111176390093
Northern Reef,Coral,14,Invasive,Aggressive,Reef Crest,Omnivore,22.395449169138605,0.8388805694652146
Western Reef,Jellyfish,53,Invasive,Solitary,Reef Crest,Omnivore,28.85119490061932,0.875931798142198
Northern Reef,Fish,31,Endemic,Schooling,Reef Crest,Omnivore,21.156830957365226,0.4497677110561856
Eastern Reef,Jellyfish,13,Endemic,Aggressive,Reef Crest,Carnivore,27.683660821081144,0.3759920173413417
Southern Reef,Coral,15,Endemic,Aggressive,Shallow,Carnivore,22.610105427567824,0.2644075791189776
Eastern Reef,Crab,97,Invasive,Aggressive,Shallow,Herbivore,29.118359437750044,0.6545164687598666
Southern Reef,Jellyfish,7,Invasive,Aggressive,Deep,Carnivore,21.980088172008685,0.6232572473358343
Northern Reef,Crab,66,Invasive,Solitary,Deep,Herbivore,28.634832217942932,0.4313203895348273
Southern Reef,Crab,1,Invasive,Aggressive,Deep,Carnivore,26.17717916130303,0.5915103961585668
Western Reef,Crab,81,Invasive,Solitary,Deep,Omnivore,20.833614218564634,0.8541055352035984
Western Reef,Fish,99,Invasive,Solitary,Reef Crest,Carnivore,23.864828041379653,0.5204228994564476
Northern Reef,Fish,61,Endemic,Solitary,Shallow,Herbivore,21.977737074165525,0.7193275221676749
Southern Reef,Fish,2,Endemic,Aggressive,Reef Crest,Carnivore,26.916736654275155,0.5668968286213899
Southern Reef,Coral,88,Invasive,Schooling,Shallow,Herbivore,29.917778322378815,0.5818857043830866
Western Reef,Jellyfish,28,Endemic,Schooling,Deep,Carnivore,29.66718815814678,0.5219576992351795
Eastern Reef,Coral,90,Endemic,Schooling,Shallow,Carnivore,29.93195194213051,0.6273580923263359
Southern Reef,Fish,54,Invasive,Schooling,Shallow,Omnivore,25.74336386091786,0.28066721266993133
Western Reef,Crab,34,Invasive,Schooling,Deep,Herbivore,22.51906043071607,0.8062370476714449
Southern Reef,Coral,55,Endemic,Schooling,Reef Crest,Herbivore,25.269714454507707,0.4335297456206384
Eastern Reef,Coral,68,Endemic,Aggressive,Shallow,Herbivore,29.9831632303775,0.13175084853813557
Eastern Reef,Coral,39,Invasive,Aggressive,Shallow,Omnivore,27.56394521348306,0.6358040941019306
Southern Reef,Jellyfish,71,Invasive,Solitary,Reef Crest,Carnivore,21.531332476100836,0.18085815946132364
Southern Reef,Coral,48,Invasive,Aggressive,Reef Crest,Omnivore,21.265929857373518,0.30648201637156036
Eastern Reef,Crab,82,Endemic,Aggressive,Deep,Carnivore,22.086232622877972,0.7603971348565478
Western Reef,Crab,51,Invasive,Aggressive,Shallow,Herbivore,24.625940152891715,0.7692588625069394
Southern Reef,Crab,64,Invasive,Aggressive,Shallow,Omnivore,25.302776323521048,0.38279457991744825
Eastern Reef,Crab,83,Invasive,Schooling,Shallow,Omnivore,21.19848736338418,0.5943826394898549
Southern Reef,Coral,30,Invasive,Aggressive,Reef Crest,Herbivore,29.715433125132876,0.3453276826168553
Southern Reef,Jellyfish,96,Endemic,Aggressive,Reef Crest,Herbivore,28.288010217171987,0.6145743733460436
Eastern Reef,Fish,26,Endemic,Schooling,Reef Crest,Carnivore,24.510683371231544,0.655102896952372
Northern Reef,Fish,31,Endemic,Aggressive,Shallow,Omnivore,29.62757819132983,0.4920286789874645
Northern Reef,Fish,63,Invasive,Aggressive,Reef Crest,Carnivore,24.186095195085812,0.13065676982578608
Northern Reef,Jellyfish,77,Invasive,Solitary,Reef Crest,Herbivore,24.441534107958955,0.27207044141465586
Eastern Reef,Coral,42,Invasive,Schooling,Reef Crest,Omnivore,25.193637169529595,0.7814391072954282
Southern Reef,Fish,79,Invasive,Aggressive,Shallow,Herbivore,28.502397116297217,0.8753982125375238
Southern Reef,Coral,82,Invasive,Aggressive,Shallow,Omnivore,29.377424524727054,0.15293411974996235
Southern Reef,Crab,81,Endemic,Solitary,Shallow,Carnivore,23.754575004181376,0.7908539165598795
Western Reef,Crab,94,Endemic,Aggressive,Reef Crest,Carnivore,26.88965340704773,0.5884530988229598
Northern Reef,Coral,27,Invasive,Aggressive,Shallow,Carnivore,21.05007337685238,0.37723618112592205
Southern Reef,Crab,31,Invasive,Schooling,Reef Crest,Herbivore,22.139572673570115,0.1183987003791268
Western Reef,Jellyfish,75,Invasive,Aggressive,Shallow,Carnivore,21.497407795476846,0.40201459443800003
Northern Reef,Jellyfish,72,Endemic,Solitary,Reef Crest,Herbivore,21.637489351068318,0.31686231104549756
Eastern Reef,Jellyfish,52,Endemic,Aggressive,Deep,Carnivore,22.31971760644209,0.10117138271123852
Northern Reef,Crab,71,Endemic,Solitary,Reef Crest,Herbivore,20.486890973825417,0.4571702321246618
Northern Reef,Coral,29,Invasive,Schooling,Shallow,Carnivore,20.110047247727245,0.8428914440026208
Southern Reef,Coral,98,Invasive,Aggressive,Shallow,Carnivore,22.674459150639063,0.5648702241555548
Western Reef,Jellyfish,34,Endemic,Schooling,Reef Crest,Herbivore,22.637067863196872,0.8508164367152057
Northern Reef,Jellyfish,16,Invasive,Aggressive,Deep,Carnivore,28.357400675262298,0.2197745095347343
Eastern Reef,Fish,29,Endemic,Solitary,Deep,Herbivore,24.783770998311834,0.5784327976805378
Northern Reef,Jellyfish,82,Endemic,Solitary,Reef Crest,Herbivore,23.61885021099617,0.395207041335338
Eastern Reef,Fish,84,Endemic,Aggressive,Reef Crest,Omnivore,26.84214864194751,0.8052849585822823
Northern Reef,Crab,90,Invasive,Aggressive,Deep,Carnivore,21.83490948962054,0.7882102608442538
Southern Reef,Fish,35,Invasive,Aggressive,Shallow,Herbivore,25.071132051570153,0.14117742364931374
Western Reef,Coral,27,Endemic,Schooling,Deep,Herbivore,20.327195351102215,0.1686543429192966
Southern Reef,Jellyfish,23,Invasive,Aggressive,Reef Crest,Omnivore,25.02303513573061,0.8681988881900167
Northern Reef,Coral,30,Endemic,Aggressive,Deep,Carnivore,23.41091972315132,0.7246110408475984
Southern Reef,Jellyfish,10,Invasive,Schooling,Shallow,Omnivore,27.69645254491207,0.37007711136387234
Southern Reef,Jellyfish,11,Endemic,Schooling,Deep,Herbivore,28.9704119240288,0.38951802365956334
Northern Reef,Coral,46,Invasive,Solitary,Shallow,Omnivore,26.645852761736045,0.4894548456305782
Eastern Reef,Jellyfish,84,Invasive,Solitary,Reef Crest,Omnivore,22.135824788149556,0.5682146710086478
Eastern Reef,Fish,37,Invasive,Aggressive,Shallow,Omnivore,23.886972126865288,0.7793523834350301
Southern Reef,Crab,86,Endemic,Aggressive,Reef Crest,Herbivore,22.087104394974336,0.24561030932480696
Northern Reef,Coral,46,Endemic,Aggressive,Shallow,Carnivore,24.480609442733446,0.16618716709934594
Western Reef,Coral,38,Invasive,Schooling,Shallow,Herbivore,22.41581486778271,0.7464001494935107
Western Reef,Jellyfish,30,Endemic,Aggressive,Reef Crest,Omnivore,27.52423431491779,0.4160735061497526
Northern Reef,Fish,91,Invasive,Aggressive,Reef Crest,Carnivore,24.282691464690117,0.7458617539167096
Western Reef,Fish,10,Endemic,Schooling,Deep,Herbivore,21.30452332020247,0.8878074422455374
Northern Reef,Jellyfish,52,Invasive,Solitary,Shallow,Carnivore,25.68406734518344,0.8634998919780184
Eastern Reef,Crab,47,Endemic,Aggressive,Deep,Carnivore,29.937249552538393,0.28690731434632444
Western Reef,Jellyfish,54,Invasive,Aggressive,Reef Crest,Carnivore,21.547766369123654,0.47416839975046476
Southern Reef,Coral,83,Endemic,Schooling,Shallow,Omnivore,23.78453442450299,0.30183580518449626
Southern Reef,Coral,42,Endemic,Schooling,Reef Crest,Herbivore,29.494096353965404,0.5619059413321974
Southern Reef,Fish,69,Endemic,Schooling,Shallow,Omnivore,24.939709795248096,0.4505028259817746
Southern Reef,Fish,90,Endemic,Aggressive,Deep,Omnivore,27.50896096693542,0.30024314117540674
Western Reef,Jellyfish,72,Invasive,Aggressive,Shallow,Carnivore,21.01306360123569,0.27369907184943576
Southern Reef,Coral,10,Invasive,Solitary,Reef Crest,Omnivore,23.089765725632784,0.7331833943842965
Western Reef,Coral,72,Endemic,Schooling,Shallow,Omnivore,22.57204627701513,0.7573491178928213
Eastern Reef,Coral,93,Invasive,Solitary,Reef Crest,Herbivore,22.573196009439954,0.33919057960236
Western Reef,Crab,39,Invasive,Schooling,Deep,Herbivore,25.433858556385008,0.47255292546197436
Northern Reef,Fish,45,Endemic,Aggressive,Shallow,Carnivore,22.36446093217854,0.610203800936968
Western Reef,Crab,79,Invasive,Schooling,Deep,Omnivore,27.86924286523179,0.7631823712325815
Eastern Reef,Crab,94,Endemic,Schooling,Shallow,Carnivore,20.276749440075857,0.39045020554962795
Southern Reef,Jellyfish,98,Endemic,Schooling,Shallow,Omnivore,25.752280360139757,0.10817406907846278
Northern Reef,Coral,58,Invasive,Solitary,Shallow,Omnivore,20.752631143563285,0.31000152786218516
Northern Reef,Fish,91,Endemic,Solitary,Shallow,Omnivore,23.58603273392362,0.5682811986552726
Southern Reef,Coral,28,Endemic,Solitary,Shallow,Omnivore,28.93201833350259,0.443608194487606
Western Reef,Jellyfish,24,Invasive,Schooling,Shallow,Omnivore,24.91780576094883,0.7517898605496519
Southern Reef,Jellyfish,64,Endemic,Schooling,Reef Crest,Herbivore,22.19959579023154,0.2583380829583597
Southern Reef,Crab,25,Endemic,Solitary,Shallow,Carnivore,25.47272062901317,0.8683686546120919
Northern Reef,Fish,88,Invasive,Solitary,Deep,Omnivore,25.489701077749572,0.8160690035423869
Northern Reef,Jellyfish,62,Endemic,Solitary,Deep,Herbivore,20.824383470764488,0.8926600466393074
Southern Reef,Jellyfish,55,Endemic,Solitary,Deep,Omnivore,22.371035633710157,0.47561161279182085
Eastern Reef,Coral,96,Endemic,Schooling,Shallow,Carnivore,23.106094353369162,0.1296835357493775
Northern Reef,Coral,27,Endemic,Aggressive,Shallow,Omnivore,28.913724910160855,0.8165276567826586
Western Reef,Jellyfish,56,Invasive,Solitary,Shallow,Omnivore,24.824594884578964,0.738322190516076
Northern Reef,Fish,54,Invasive,Aggressive,Reef Crest,Carnivore,24.265558411810858,0.46499835974029735
Northern Reef,Coral,46,Endemic,Schooling,Reef Crest,Carnivore,23.145525506473234,0.8081374074071036
Northern Reef,Coral,12,Endemic,Aggressive,Reef Crest,Herbivore,24.531627600428227,0.27917427647422405
Southern Reef,Coral,96,Endemic,Schooling,Shallow,Herbivore,22.663909091805536,0.5662650365867004
Northern Reef,Fish,29,Endemic,Schooling,Reef Crest,Omnivore,24.149374659630666,0.14901868210370894
Western Reef,Coral,45,Invasive,Schooling,Reef Crest,Omnivore,25.673315355137454,0.6425227156582045
Northern Reef,Crab,94,Invasive,Solitary,Reef Crest,Carnivore,22.809775437372686,0.4381930826172029
Eastern Reef,Crab,52,Endemic,Solitary,Shallow,Herbivore,21.60981557647753,0.3948299354734447
Western Reef,Coral,36,Endemic,Schooling,Reef Crest,Herbivore,25.29390239406787,0.2099934266832576
Northern Reef,Coral,66,Endemic,Schooling,Shallow,Omnivore,26.271286388312998,0.6388200761274013
Southern Reef,Fish,56,Endemic,Schooling,Shallow,Herbivore,21.454416896509,0.5297433063732376
Northern Reef,Fish,13,Endemic,Aggressive,Reef Crest,Omnivore,20.51042389984331,0.8172582405234444
Northern Reef,Fish,59,Endemic,Schooling,Deep,Carnivore,29.14599220433469,0.5688159421526312
Eastern Reef,Fish,41,Endemic,Schooling,Shallow,Carnivore,22.360767080910218,0.7062843567986311
Eastern Reef,Crab,21,Invasive,Solitary,Shallow,Herbivore,28.49610251429153,0.5114194015300282
Northern Reef,Crab,25,Invasive,Aggressive,Reef Crest,Carnivore,29.701265031125672,0.1256054584373356
Northern Reef,Jellyfish,14,Invasive,Schooling,Shallow,Carnivore,28.041090197439367,0.7003058589417539
Eastern Reef,Coral,96,Invasive,Aggressive,Reef Crest,Omnivore,24.305241522460097,0.14189803839475862
Western Reef,Fish,68,Invasive,Aggressive,Reef Crest,Carnivore,25.454614659546074,0.8225617233202204
Northern Reef,Coral,64,Endemic,Aggressive,Deep,Carnivore,24.53730668850634,0.4172650486587073
Northern Reef,Coral,32,Endemic,Solitary,Shallow,Carnivore,26.929436772766312,0.5926167162978482
Western Reef,Fish,93,Invasive,Solitary,Reef Crest,Carnivore,20.575290260776402,0.6572684875926329
Eastern Reef,Coral,58,Endemic,Solitary,Deep,Herbivore,28.341990705844896,0.5612723897292992
Eastern Reef,Crab,6,Endemic,Schooling,Reef Crest,Carnivore,25.178159417222847,0.6178798437016456
Western Reef,Coral,39,Endemic,Schooling,Shallow,Carnivore,27.85367292664161,0.5493330564313007
Northern Reef,Jellyfish,17,Endemic,Solitary,Deep,Carnivore,22.08829894866608,0.8887594065282318
Western Reef,Fish,76,Endemic,Solitary,Shallow,Carnivore,21.33970921934539,0.5621301919196908
Northern Reef,Crab,23,Endemic,Solitary,Deep,Carnivore,29.018105463817164,0.7016061020592249
Southern Reef,Jellyfish,85,Invasive,Solitary,Shallow,Carnivore,20.807103312927353,0.2965557003419906
Southern Reef,Fish,28,Endemic,Solitary,Shallow,Herbivore,24.696145206949822,0.7259899367223591
Northern Reef,Jellyfish,31,Endemic,Aggressive,Reef Crest,Omnivore,20.73106272280965,0.5479709743403484
Southern Reef,Jellyfish,23,Endemic,Schooling,Deep,Herbivore,21.098255148888107,0.26443398825706166
Northern Reef,Jellyfish,30,Endemic,Schooling,Reef Crest,Carnivore,25.50776610026211,0.2470459054223868
Eastern Reef,Coral,40,Invasive,Aggressive,Deep,Omnivore,20.35779988281989,0.13845418315829294
Eastern Reef,Crab,67,Invasive,Solitary,Deep,Omnivore,23.420578519490874,0.7519158341016788
Northern Reef,Fish,69,Endemic,Solitary,Reef Crest,Carnivore,23.56068259613531,0.2656778039983306
Northern Reef,Jellyfish,94,Invasive,Schooling,Deep,Omnivore,28.98647834681762,0.19619833272963627
Southern Reef,Fish,3,Invasive,Solitary,Deep,Carnivore,21.47984574140202,0.5785804912484974
Northern Reef,Coral,71,Endemic,Schooling,Reef Crest,Omnivore,26.3357790097172,0.6634750669960636
Western Reef,Jellyfish,27,Endemic,Schooling,Shallow,Omnivore,24.62086134134235,0.6507187032208324
Western Reef,Jellyfish,41,Endemic,Solitary,Shallow,Omnivore,29.211428707341977,0.1759444767448101
Northern Reef,Fish,10,Invasive,Solitary,Deep,Carnivore,28.155773323815943,0.5068525802455814
Northern Reef,Coral,83,Endemic,Schooling,Deep,Herbivore,22.097701881518336,0.3785076286370631
Western Reef,Fish,11,Endemic,Schooling,Reef Crest,Carnivore,21.715742452857917,0.6346458984500021
Eastern Reef,Coral,17,Endemic,Aggressive,Deep,Omnivore,29.886255846635663,0.31651368919696443
Eastern Reef,Crab,73,Invasive,Solitary,Deep,Carnivore,25.402100323931275,0.7840888866010411
Eastern Reef,Jellyfish,24,Endemic,Schooling,Deep,Carnivore,25.043397195462646,0.29501737316877275
Southern Reef,Fish,29,Endemic,Solitary,Shallow,Carnivore,27.482665438301236,0.7841761523276072
Northern Reef,Crab,97,Endemic,Aggressive,Reef Crest,Carnivore,24.648143429925337,0.8426715397419938
Northern Reef,Jellyfish,46,Invasive,Aggressive,Reef Crest,Carnivore,27.95105852324918,0.3545104948423198
Southern Reef,Fish,19,Invasive,Aggressive,Shallow,Carnivore,23.095994970711455,0.5589728292252519
Northern Reef,Jellyfish,15,Endemic,Solitary,Shallow,Omnivore,23.624180579042925,0.48439171755377053
Southern Reef,Jellyfish,32,Invasive,Schooling,Shallow,Omnivore,25.702206040266333,0.2641307437691676
Eastern Reef,Crab,96,Endemic,Aggressive,Shallow,Carnivore,23.00422056949763,0.8278072507728845
Northern Reef,Fish,53,Invasive,Aggressive,Deep,Carnivore,27.769346957549494,0.6303464618783532
Northern Reef,Jellyfish,82,Invasive,Schooling,Deep,Herbivore,29.98479105681657,0.7436251079449073
Southern Reef,Crab,35,Endemic,Solitary,Deep,Omnivore,21.516813235991478,0.32522190324316014
Northern Reef,Fish,84,Endemic,Solitary,Shallow,Herbivore,28.83422600978134,0.6803828819630027
Western Reef,Jellyfish,21,Endemic,Aggressive,Deep,Carnivore,29.54145521435241,0.533655749586952
Southern Reef,Jellyfish,21,Endemic,Schooling,Shallow,Carnivore,23.425625876934152,0.4824439890007792
Western Reef,Jellyfish,81,Endemic,Aggressive,Reef Crest,Omnivore,20.869590839777075,0.1427651016742246
Eastern Reef,Jellyfish,93,Invasive,Schooling,Reef Crest,Herbivore,20.066971409298095,0.13220259522276231
Eastern Reef,Jellyfish,93,Endemic,Aggressive,Reef Crest,Omnivore,28.19617077578264,0.8452103080306238
Southern Reef,Coral,36,Endemic,Aggressive,Deep,Herbivore,22.5987485521336,0.5646677667788201
Northern Reef,Fish,21,Invasive,Aggressive,Shallow,Omnivore,25.45168301279506,0.43090397100175926
Northern Reef,Fish,91,Endemic,Aggressive,Reef Crest,Herbivore,21.044575328808058,0.34985466255288544
Southern Reef,Coral,34,Invasive,Aggressive,Deep,Carnivore,27.85921211777211,0.5656454429486886
Northern Reef,Jellyfish,10,Endemic,Solitary,Shallow,Herbivore,21.297927127219904,0.6122134854274074
Eastern Reef,Coral,51,Invasive,Schooling,Shallow,Herbivore,24.965265971495416,0.7271548383059966
Southern Reef,Jellyfish,10,Endemic,Schooling,Reef Crest,Herbivore,21.211084483911012,0.2308549135437061
Northern Reef,Fish,70,Endemic,Aggressive,Reef Crest,Herbivore,26.813412177314646,0.722234332049079
Northern Reef,Coral,28,Invasive,Schooling,Reef Crest,Omnivore,28.848161304377328,0.8353151490758249
Eastern Reef,Coral,13,Endemic,Solitary,Deep,Carnivore,21.161815695705368,0.3457461578122956
Northern Reef,Jellyfish,56,Endemic,Aggressive,Shallow,Carnivore,22.73885991892621,0.615948198655685
Western Reef,Jellyfish,58,Endemic,Schooling,Reef Crest,Carnivore,28.246317505719922,0.7294515917941792
Northern Reef,Jellyfish,26,Invasive,Schooling,Deep,Omnivore,24.99014172804725,0.5855389460853798
Eastern Reef,Fish,42,Endemic,Solitary,Deep,Herbivore,28.7759140033029,0.6836625682123845
Southern Reef,Coral,85,Invasive,Solitary,Deep,Omnivore,29.689146862414255,0.2179574656189269
Northern Reef,Coral,50,Endemic,Solitary,Reef Crest,Carnivore,23.68402492855124,0.7456568668464514
Western Reef,Crab,6,Invasive,Solitary,Shallow,Omnivore,21.626619370226816,0.17756185120951554
Northern Reef,Jellyfish,4,Invasive,Aggressive,Reef Crest,Carnivore,26.97442971806451,0.8285333056920291
Northern Reef,Jellyfish,52,Endemic,Aggressive,Deep,Omnivore,22.66250892050078,0.8180396322264566
Western Reef,Coral,7,Invasive,Solitary,Shallow,Carnivore,22.013680623928483,0.5229508652189554
Northern Reef,Crab,11,Invasive,Aggressive,Deep,Herbivore,22.0312019847972,0.6279436781609818
Western Reef,Crab,14,Endemic,Solitary,Deep,Herbivore,29.62163758651662,0.5130415589523268
Eastern Reef,Jellyfish,33,Endemic,Solitary,Shallow,Omnivore,29.75612053268001,0.31533862270293134
Northern Reef,Jellyfish,66,Endemic,Aggressive,Reef Crest,Herbivore,23.819108274686364,0.20408290012230712
Western Reef,Crab,13,Endemic,Solitary,Deep,Carnivore,28.599313966635762,0.4278952036527168
Northern Reef,Coral,21,Endemic,Schooling,Reef Crest,Omnivore,21.21435058861888,0.4313324360322349
Eastern Reef,Fish,38,Invasive,Aggressive,Reef Crest,Carnivore,22.700807364026375,0.4287628201620961
Western Reef,Crab,16,Endemic,Schooling,Deep,Omnivore,21.27587887587175,0.7077117044542486
Eastern Reef,Fish,22,Invasive,Schooling,Deep,Omnivore,27.144626586362442,0.6266334416779024
Western Reef,Coral,3,Endemic,Aggressive,Deep,Herbivore,24.834684886148317,0.2994441060336259
Eastern Reef,Crab,72,Invasive,Solitary,Shallow,Omnivore,22.321495921456645,0.7332569800637913
Northern Reef,Coral,43,Invasive,Solitary,Deep,Omnivore,20.20169064878452,0.10969849543733626
Southern Reef,Fish,29,Endemic,Schooling,Reef Crest,Herbivore,24.662034400695127,0.23670647796698863
Northern Reef,Fish,74,Endemic,Schooling,Reef Crest,Carnivore,27.672496839885607,0.21663942720043253
Western Reef,Fish,42,Endemic,Aggressive,Shallow,Carnivore,24.266330535030626,0.13502921003609158
Western Reef,Jellyfish,17,Invasive,Aggressive,Deep,Omnivore,20.627634532749465,0.4989781041132346
Northern Reef,Jellyfish,17,Endemic,Schooling,Shallow,Herbivore,24.2114522759909,0.18776254641704027
Southern Reef,Fish,73,Endemic,Aggressive,Reef Crest,Omnivore,23.269617513215643,0.8130736082396703
Western Reef,Crab,69,Endemic,Schooling,Reef Crest,Herbivore,21.61477934607349,0.3331020585028138
Northern Reef,Fish,8,Invasive,Solitary,Reef Crest,Herbivore,20.020757114624022,0.13778992858219077
Northern Reef,Coral,33,Invasive,Schooling,Deep,Herbivore,25.61939516337673,0.4189565491990389
Southern Reef,Fish,50,Endemic,Schooling,Deep,Omnivore,23.723126580086124,0.33937924780664663
Southern Reef,Coral,18,Invasive,Schooling,Shallow,Carnivore,27.58845577538895,0.6062677493254438
Eastern Reef,Coral,62,Invasive,Schooling,Shallow,Herbivore,20.63406098166321,0.7284665015041936
Northern Reef,Fish,83,Endemic,Solitary,Shallow,Omnivore,27.365817673840272,0.3472288157384762
Western Reef,Crab,87,Endemic,Solitary,Deep,Omnivore,23.79446797326586,0.4994323982789255
Southern Reef,Fish,51,Invasive,Schooling,Reef Crest,Herbivore,22.941310396490493,0.442531572672076
Northern Reef,Crab,47,Invasive,Aggressive,Deep,Herbivore,23.889104525200498,0.4614609385890044
Western Reef,Coral,88,Endemic,Solitary,Shallow,Carnivore,28.412205350750916,0.1630078782912026
Northern Reef,Coral,10,Endemic,Solitary,Deep,Carnivore,26.826684442547418,0.6907701754053127
Northern Reef,Jellyfish,83,Endemic,Schooling,Shallow,Herbivore,28.50316437797437,0.47218881271501967
Northern Reef,Crab,95,Endemic,Schooling,Shallow,Omnivore,29.592114662055153,0.2070127453412555
Western Reef,Crab,45,Invasive,Schooling,Deep,Omnivore,28.510923147845407,0.7693447527664458
Southern Reef,Crab,4,Invasive,Schooling,Reef Crest,Carnivore,29.520621787930764,0.6814769735373768
Southern Reef,Crab,90,Endemic,Solitary,Reef Crest,Omnivore,22.55413004112707,0.3573511879948099
Northern Reef,Crab,60,Invasive,Solitary,Reef Crest,Omnivore,26.717350620766403,0.504747955903546
Southern Reef,Crab,90,Invasive,Schooling,Shallow,Omnivore,24.44290026809462,0.4364476721290155
Eastern Reef,Crab,1,Invasive,Schooling,Reef Crest,Herbivore,20.439851943828504,0.7713156961584184
Southern Reef,Crab,65,Invasive,Schooling,Reef Crest,Herbivore,28.544795067332174,0.30005709433979444
Northern Reef,Crab,7,Invasive,Schooling,Deep,Carnivore,24.15673921846571,0.4977393357424563
Eastern Reef,Coral,4,Invasive,Schooling,Shallow,Omnivore,20.81963818882458,0.44845266676844164
Eastern Reef,Jellyfish,77,Endemic,Aggressive,Deep,Herbivore,24.786916932497096,0.6394034155591397
Western Reef,Coral,45,Invasive,Schooling,Deep,Herbivore,27.248348636656306,0.17990861713745315
Southern Reef,Fish,45,Invasive,Solitary,Reef Crest,Carnivore,21.922014867036882,0.7108013194746098
Western Reef,Fish,63,Invasive,Schooling,Shallow,Carnivore,24.291596787112564,0.12993243372654978
Southern Reef,Crab,92,Invasive,Aggressive,Reef Crest,Carnivore,25.5534985541559,0.5028643104913556
Western Reef,Coral,59,Invasive,Solitary,Reef Crest,Omnivore,24.76991645819846,0.6960831443953672
Western Reef,Jellyfish,5,Endemic,Aggressive,Reef Crest,Carnivore,26.516641436253806,0.47586370495301356
Northern Reef,Jellyfish,7,Invasive,Aggressive,Deep,Carnivore,24.309959221698513,0.3862056549834302
Eastern Reef,Jellyfish,30,Invasive,Solitary,Shallow,Omnivore,21.382671510307002,0.4355621732193605
Northern Reef,Jellyfish,46,Invasive,Schooling,Deep,Herbivore,21.850328049566297,0.39281720408529985
Western Reef,Jellyfish,26,Endemic,Aggressive,Deep,Omnivore,25.970117264058487,0.46564682647120526
Western Reef,Jellyfish,9,Invasive,Schooling,Deep,Omnivore,20.853261861390568,0.6816255749268275
Northern Reef,Crab,65,Invasive,Solitary,Reef Crest,Omnivore,28.89121708842258,0.6125461137911803
Southern Reef,Jellyfish,94,Endemic,Solitary,Deep,Omnivore,21.620027637650292,0.5974226812797053
Southern Reef,Crab,34,Endemic,Aggressive,Deep,Carnivore,27.91165720244551,0.6896465739085882
Western Reef,Crab,10,Endemic,Solitary,Shallow,Omnivore,24.75508408918442,0.3726502265226691
Northern Reef,Crab,75,Invasive,Solitary,Reef Crest,Carnivore,23.837981104229303,0.2813594616193785
Northern Reef,Crab,91,Endemic,Schooling,Shallow,Carnivore,21.44918615882071,0.18107973005855174
Southern Reef,Crab,85,Endemic,Schooling,Deep,Herbivore,21.234833682417417,0.17933301328209952
Eastern Reef,Jellyfish,38,Endemic,Schooling,Deep,Omnivore,22.49610258590455,0.4294304361249124
Southern Reef,Crab,53,Invasive,Schooling,Shallow,Herbivore,27.125890163528915,0.3641490066819406
Southern Reef,Crab,89,Invasive,Schooling,Deep,Herbivore,21.533586698880317,0.6490751876216634
Northern Reef,Coral,1,Invasive,Schooling,Reef Crest,Herbivore,26.19788690053116,0.40953288344348227
Northern Reef,Fish,49,Endemic,Aggressive,Shallow,Carnivore,24.4068936470089,0.7758673453702546
Eastern Reef,Coral,14,Invasive,Schooling,Deep,Herbivore,26.553084388875607,0.24579931690878418
Southern Reef,Coral,80,Endemic,Schooling,Deep,Herbivore,22.32328162484929,0.1473891016206726
Northern Reef,Fish,95,Invasive,Solitary,Reef Crest,Omnivore,23.02683311252434,0.5273121160300199
Western Reef,Fish,59,Endemic,Solitary,Reef Crest,Herbivore,29.99242715727715,0.6240596502060509
Southern Reef,Jellyfish,56,Invasive,Schooling,Reef Crest,Herbivore,25.547026798739257,0.6458222716618304
Eastern Reef,Coral,67,Endemic,Schooling,Deep,Herbivore,28.192762858578277,0.5938020853199424
Western Reef,Crab,10,Endemic,Aggressive,Shallow,Carnivore,25.566329182293714,0.21087986864867656
Southern Reef,Crab,45,Endemic,Aggressive,Deep,Herbivore,24.245680581119117,0.779746185623061
Western Reef,Crab,51,Endemic,Schooling,Shallow,Herbivore,23.228804349145832,0.12621797168366716
Northern Reef,Jellyfish,64,Endemic,Solitary,Deep,Omnivore,20.808453986895767,0.7063736702936988
Northern Reef,Jellyfish,98,Invasive,Aggressive,Deep,Carnivore,29.586465812903846,0.7785186953849837
Northern Reef,Jellyfish,84,Endemic,Schooling,Reef Crest,Omnivore,23.021236121398257,0.8425975130188267
Northern Reef,Jellyfish,34,Invasive,Schooling,Shallow,Carnivore,27.37248807731424,0.25956295646028715
Southern Reef,Crab,61,Invasive,Solitary,Deep,Herbivore,28.634485080454397,0.6105865214763965
Northern Reef,Coral,32,Invasive,Solitary,Reef Crest,Herbivore,22.71242477335344,0.23147113756097637
Northern Reef,Jellyfish,17,Endemic,Solitary,Deep,Carnivore,28.587052795413918,0.3132547326714028
Western Reef,Jellyfish,90,Invasive,Schooling,Deep,Omnivore,21.031846773258355,0.40929986779092686
Northern Reef,Jellyfish,9,Invasive,Solitary,Shallow,Carnivore,26.29431046995122,0.5217718345734422
Northern Reef,Jellyfish,61,Invasive,Solitary,Reef Crest,Carnivore,20.597607214908486,0.2967864548703279
Western Reef,Crab,64,Endemic,Solitary,Shallow,Herbivore,29.178841580726488,0.4951760425568089
Northern Reef,Fish,60,Endemic,Solitary,Reef Crest,Omnivore,27.640204080542553,0.5058537234132056
Western Reef,Jellyfish,29,Endemic,Schooling,Deep,Herbivore,20.345358343538656,0.3919951350572214
Western Reef,Fish,23,Endemic,Aggressive,Reef Crest,Herbivore,24.67913498608341,0.7118602105116117
Eastern Reef,Jellyfish,93,Invasive,Aggressive,Deep,Omnivore,28.549427551878154,0.22410972279893837
Eastern Reef,Jellyfish,2,Endemic,Solitary,Shallow,Herbivore,20.412954132775234,0.8411191215441937
Eastern Reef,Jellyfish,60,Invasive,Schooling,Shallow,Omnivore,28.515356367171943,0.877075805839784
Northern Reef,Crab,23,Endemic,Schooling,Deep,Omnivore,24.19297721449419,0.35754443796185853
Eastern Reef,Jellyfish,37,Invasive,Solitary,Reef Crest,Carnivore,29.20346045830683,0.47171116958165404
Eastern Reef,Crab,48,Invasive,Schooling,Deep,Herbivore,23.100287180389394,0.44895911423448165
Western Reef,Fish,57,Invasive,Aggressive,Reef Crest,Carnivore,21.92800896714205,0.3155446726572729
Northern Reef,Fish,31,Endemic,Schooling,Deep,Omnivore,23.663230556681864,0.8173361078709614
Western Reef,Fish,52,Endemic,Schooling,Deep,Herbivore,26.0930255261731,0.6249598016267786
Eastern Reef,Jellyfish,22,Invasive,Solitary,Deep,Herbivore,22.20729449860226,0.6594681481427132
Southern Reef,Crab,21,Endemic,Solitary,Deep,Herbivore,28.31235655093347,0.6261873138519307
Eastern Reef,Fish,97,Invasive,Solitary,Shallow,Herbivore,24.23211627288914,0.41683752986225575
Northern Reef,Fish,65,Endemic,Solitary,Shallow,Carnivore,22.13031598051734,0.12118529163337532
Southern Reef,Coral,51,Invasive,Schooling,Deep,Omnivore,24.71023004309093,0.21128795387932764
Northern Reef,Jellyfish,34,Invasive,Solitary,Deep,Omnivore,26.83416772159102,0.37114356271746585
Eastern Reef,Crab,34,Endemic,Solitary,Deep,Carnivore,25.781524628191864,0.4129274842094883
Southern Reef,Fish,43,Invasive,Solitary,Reef Crest,Omnivore,23.609432611692704,0.8111628385721306
Eastern Reef,Fish,79,Endemic,Solitary,Deep,Carnivore,29.273841548663157,0.259198280427208
Western Reef,Fish,66,Endemic,Solitary,Deep,Herbivore,20.396371317394618,0.8726181942603337
Western Reef,Jellyfish,10,Invasive,Solitary,Reef Crest,Herbivore,23.5586209042295,0.63791977292835
Northern Reef,Crab,57,Endemic,Solitary,Deep,Carnivore,25.078584513431387,0.837690307561351
Eastern Reef,Jellyfish,34,Invasive,Schooling,Deep,Herbivore,25.88081838448904,0.45860731354064255
Western Reef,Crab,19,Invasive,Schooling,Shallow,Carnivore,23.646445314872803,0.26431291960000547
Southern Reef,Jellyfish,92,Endemic,Aggressive,Deep,Carnivore,28.339475958348856,0.31771610974669856
Western Reef,Coral,76,Invasive,Solitary,Reef Crest,Carnivore,24.563752517683483,0.5710643955033972
Western Reef,Fish,1,Endemic,Solitary,Deep,Omnivore,25.06913096990599,0.2524254429963153
Southern Reef,Coral,76,Endemic,Schooling,Reef Crest,Herbivore,29.284311154432707,0.3081410756767549
Southern Reef,Fish,62,Invasive,Schooling,Reef Crest,Omnivore,27.613738185385657,0.5686718534499426
Eastern Reef,Jellyfish,73,Endemic,Solitary,Shallow,Herbivore,26.34827182141215,0.24708381964427933
Eastern Reef,Jellyfish,41,Invasive,Schooling,Reef Crest,Omnivore,25.149776835396295,0.594410365024515
Western Reef,Fish,22,Endemic,Schooling,Shallow,Herbivore,25.468100776305327,0.38486155948435685
Western Reef,Fish,40,Endemic,Aggressive,Shallow,Carnivore,29.72297431551141,0.8817598421880491
Eastern Reef,Crab,43,Endemic,Aggressive,Reef Crest,Carnivore,29.60376549811636,0.3273177400100356
Western Reef,Coral,79,Endemic,Schooling,Shallow,Omnivore,20.097733166268743,0.4482384369467234
Western Reef,Crab,40,Invasive,Solitary,Deep,Herbivore,21.73295533811882,0.7120199056744588
Southern Reef,Coral,26,Endemic,Aggressive,Reef Crest,Carnivore,20.123191636518207,0.8000020436873314
Southern Reef,Coral,11,Invasive,Aggressive,Shallow,Omnivore,24.5868536680308,0.8764101647516492
Eastern Reef,Jellyfish,29,Invasive,Solitary,Shallow,Herbivore,27.67635616213646,0.11299122425063937
Western Reef,Coral,3,Endemic,Schooling,Reef Crest,Herbivore,23.668092306144366,0.47382135341120335
Northern Reef,Jellyfish,20,Invasive,Solitary,Reef Crest,Carnivore,23.5582003456013,0.3611241137525749
Western Reef,Crab,64,Invasive,Aggressive,Reef Crest,Carnivore,21.592309015246453,0.3921629221555174
Eastern Reef,Fish,24,Invasive,Schooling,Shallow,Carnivore,29.0714494086201,0.284161501819019
Western Reef,Coral,13,Endemic,Aggressive,Shallow,Carnivore,20.508856498921386,0.8679977605437011
Western Reef,Crab,16,Invasive,Solitary,Shallow,Carnivore,23.603274346995796,0.876892397165599
Eastern Reef,Crab,7,Invasive,Schooling,Reef Crest,Carnivore,20.393409573536406,0.3654859132308945
Eastern Reef,Coral,13,Endemic,Solitary,Reef Crest,Omnivore,28.589255094968067,0.45566496268975054
Northern Reef,Fish,36,Invasive,Schooling,Shallow,Herbivore,21.372022451561858,0.8425335846118783
Western Reef,Jellyfish,48,Endemic,Solitary,Reef Crest,Herbivore,25.32770626488589,0.37968437641051656
Eastern Reef,Jellyfish,79,Endemic,Aggressive,Shallow,Omnivore,29.77134042365534,0.15358961431089774
Southern Reef,Fish,43,Endemic,Schooling,Shallow,Herbivore,26.695860917510007,0.8005433962621703
Western Reef,Jellyfish,81,Endemic,Solitary,Reef Crest,Omnivore,23.589866111354223,0.7077897710677303
Eastern Reef,Fish,68,Invasive,Schooling,Reef Crest,Herbivore,22.110705960420148,0.3082815239723978
Southern Reef,Jellyfish,27,Invasive,Solitary,Deep,Carnivore,25.9918327400992,0.10792791563754722
Southern Reef,Fish,6,Invasive,Schooling,Deep,Herbivore,26.855649748597166,0.7573339734787881
Western Reef,Jellyfish,40,Endemic,Aggressive,Reef Crest,Herbivore,25.96253013210734,0.4721396753958935
Southern Reef,Jellyfish,21,Invasive,Schooling,Deep,Omnivore,26.97145150837588,0.27684569157238026
Western Reef,Fish,49,Invasive,Schooling,Shallow,Carnivore,29.705852704471134,0.687218164801482
Northern Reef,Jellyfish,69,Endemic,Schooling,Shallow,Carnivore,23.159216757730704,0.3937241145548749
Eastern Reef,Jellyfish,85,Invasive,Solitary,Deep,Omnivore,28.010578671867933,0.33676477299441343
Southern Reef,Jellyfish,54,Invasive,Schooling,Shallow,Herbivore,20.48996948121448,0.3515943557911464
Northern Reef,Coral,2,Endemic,Solitary,Deep,Carnivore,25.892521885233073,0.3483122044318992
Southern Reef,Coral,52,Invasive,Aggressive,Deep,Herbivore,23.669952930164953,0.7663566709463432
Eastern Reef,Fish,36,Endemic,Aggressive,Reef Crest,Omnivore,24.893280314576952,0.4978322378440415
Eastern Reef,Crab,18,Endemic,Solitary,Reef Crest,Omnivore,26.08179154177811,0.8075182228172121
Eastern Reef,Fish,59,Endemic,Aggressive,Shallow,Omnivore,28.678326102314138,0.6403764360025757
Western Reef,Crab,42,Invasive,Solitary,Reef Crest,Omnivore,25.536316057084516,0.18015569125642694
Western Reef,Fish,74,Endemic,Aggressive,Reef Crest,Omnivore,29.74212152408934,0.6596506786936527
Eastern Reef,Fish,84,Endemic,Solitary,Deep,Omnivore,22.230619686319343,0.6883474192840184
Northern Reef,Coral,60,Endemic,Schooling,Deep,Omnivore,29.372190344354532,0.6240312775476378
Southern Reef,Fish,67,Invasive,Solitary,Deep,Omnivore,23.334160856717254,0.18282482405109707
Northern Reef,Fish,10,Invasive,Solitary,Shallow,Herbivore,26.39540195222154,0.6506396745066092
Northern Reef,Fish,40,Invasive,Aggressive,Shallow,Carnivore,23.0010775741269,0.3630243288583357
Eastern Reef,Jellyfish,63,Invasive,Solitary,Shallow,Carnivore,23.56975884513886,0.5453394208976462
Southern Reef,Jellyfish,84,Invasive,Aggressive,Reef Crest,Carnivore,28.73855981986769,0.8426435373518617
Northern Reef,Jellyfish,69,Invasive,Solitary,Deep,Herbivore,20.37993248693031,0.4288926063230043
Western Reef,Crab,87,Endemic,Schooling,Shallow,Herbivore,22.503359050717968,0.8843953679708525
Northern Reef,Jellyfish,6,Endemic,Aggressive,Reef Crest,Omnivore,23.23852866083731,0.7221718932018989
Eastern Reef,Fish,97,Invasive,Schooling,Reef Crest,Herbivore,27.108719709555682,0.1345609130462954
Southern Reef,Coral,66,Invasive,Solitary,Deep,Herbivore,29.300686807250575,0.3450815813915924
Western Reef,Crab,82,Endemic,Solitary,Reef Crest,Carnivore,28.402972017480852,0.39794681545070887
Northern Reef,Fish,18,Invasive,Solitary,Deep,Omnivore,23.085474665206984,0.1329482991512272
Eastern Reef,Jellyfish,28,Invasive,Solitary,Deep,Herbivore,24.973231155787996,0.6407839558649943
Northern Reef,Fish,61,Invasive,Aggressive,Deep,Carnivore,23.422133351540765,0.3860006701804962
Western Reef,Crab,65,Invasive,Solitary,Shallow,Carnivore,28.053305791987224,0.49896124752553594
Northern Reef,Crab,92,Invasive,Schooling,Deep,Omnivore,24.074110308541485,0.3665459737814656
Southern Reef,Jellyfish,81,Endemic,Aggressive,Deep,Omnivore,23.088185975618828,0.2464021979002686
Northern Reef,Crab,43,Invasive,Aggressive,Shallow,Carnivore,25.813398737304716,0.34121034388954663
Southern Reef,Jellyfish,51,Endemic,Aggressive,Deep,Herbivore,23.801952713032634,0.5145283292179096
Southern Reef,Jellyfish,62,Endemic,Solitary,Reef Crest,Omnivore,23.40585641739954,0.40741827292891764
Southern Reef,Fish,53,Endemic,Aggressive,Deep,Herbivore,21.48877225282901,0.41407619937296325
Eastern Reef,Jellyfish,98,Invasive,Solitary,Shallow,Herbivore,21.929537740027172,0.7604108172412491
Southern Reef,Crab,52,Invasive,Aggressive,Reef Crest,Omnivore,22.257141332227686,0.6385335372902883
Western Reef,Fish,12,Endemic,Solitary,Deep,Carnivore,28.428140458678257,0.2688067335745047
Southern Reef,Jellyfish,55,Invasive,Aggressive,Shallow,Omnivore,26.46286698977692,0.6039270176104157
Northern Reef,Fish,91,Endemic,Solitary,Deep,Omnivore,26.308975815578545,0.7256900353914001
Southern Reef,Crab,56,Endemic,Aggressive,Shallow,Carnivore,25.919616198837293,0.5389714135167653
Eastern Reef,Jellyfish,67,Endemic,Schooling,Shallow,Carnivore,22.741066383886285,0.3665896551844967
Western Reef,Crab,40,Endemic,Aggressive,Reef Crest,Carnivore,27.622876523745525,0.32987747045758253
Western Reef,Jellyfish,50,Endemic,Solitary,Deep,Omnivore,22.649736667124596,0.8151923465471457
Western Reef,Coral,85,Invasive,Solitary,Deep,Carnivore,23.529012960980044,0.42933048269486584
Northern Reef,Coral,58,Endemic,Aggressive,Reef Crest,Herbivore,20.47522826664377,0.40660587810079507
Southern Reef,Fish,11,Endemic,Schooling,Reef Crest,Herbivore,22.199869714297463,0.32201243557346193
Western Reef,Fish,75,Invasive,Aggressive,Reef Crest,Omnivore,24.29901929953104,0.519964732509182
Eastern Reef,Crab,40,Invasive,Aggressive,Deep,Carnivore,26.533274022183367,0.28342750393528054
Western Reef,Jellyfish,80,Endemic,Schooling,Deep,Omnivore,21.65813546010129,0.6124826806690948
Northern Reef,Crab,97,Invasive,Solitary,Reef Crest,Herbivore,23.085063815330546,0.8220251873175058
Western Reef,Jellyfish,14,Endemic,Schooling,Deep,Omnivore,26.792397911140036,0.3746494387087347
Northern Reef,Fish,78,Endemic,Solitary,Reef Crest,Herbivore,22.98707403812726,0.45842039316736527
Eastern Reef,Coral,33,Endemic,Schooling,Deep,Herbivore,29.115177327566645,0.7750666128433369
Southern Reef,Crab,27,Endemic,Aggressive,Shallow,Omnivore,21.154518975172074,0.5803583050941086
Western Reef,Fish,53,Invasive,Schooling,Shallow,Omnivore,27.553103539942487,0.8036040773600343
Northern Reef,Fish,66,Endemic,Aggressive,Reef Crest,Carnivore,29.693546199369116,0.22827504839166146
Northern Reef,Fish,26,Invasive,Aggressive,Shallow,Carnivore,22.678275828570506,0.7331342351047584
Southern Reef,Coral,24,Invasive,Aggressive,Shallow,Carnivore,24.48125674381311,0.4112441636425903
Southern Reef,Crab,35,Invasive,Solitary,Shallow,Omnivore,26.555641695882997,0.8732370298704079
Western Reef,Fish,61,Endemic,Schooling,Reef Crest,Herbivore,26.494544952898153,0.8449337449184283
Eastern Reef,Coral,9,Invasive,Schooling,Deep,Carnivore,27.910497288361817,0.23299172213972297
Eastern Reef,Crab,91,Endemic,Schooling,Reef Crest,Carnivore,26.07821766894599,0.7581083828285281
Northern Reef,Fish,93,Endemic,Solitary,Reef Crest,Carnivore,29.926578315348394,0.8399864476935439
Western Reef,Fish,98,Endemic,Aggressive,Shallow,Herbivore,28.935697691374344,0.5696834441948434
Western Reef,Fish,8,Invasive,Schooling,Deep,Carnivore,24.427387410187716,0.7489134101656257
Northern Reef,Crab,40,Invasive,Schooling,Shallow,Carnivore,27.498116019987698,0.39857774075911756
Northern Reef,Jellyfish,1,Invasive,Aggressive,Shallow,Herbivore,20.168316671976815,0.3020066211885807
Eastern Reef,Coral,76,Invasive,Aggressive,Deep,Carnivore,23.741187348307175,0.5618071453695553
Western Reef,Crab,51,Invasive,Solitary,Deep,Herbivore,27.419212274894047,0.5116323348973534
Eastern Reef,Jellyfish,57,Endemic,Aggressive,Shallow,Herbivore,23.014210274682462,0.737151216439903
Eastern Reef,Fish,80,Invasive,Aggressive,Shallow,Herbivore,29.68884996006104,0.5732355743884824
Northern Reef,Coral,52,Endemic,Aggressive,Reef Crest,Carnivore,26.988328748684438,0.13394960355844834
Southern Reef,Crab,55,Invasive,Solitary,Deep,Omnivore,22.817461675698194,0.2668522496358494
Southern Reef,Crab,90,Endemic,Aggressive,Reef Crest,Carnivore,25.027582573563347,0.7225823415441675
Eastern Reef,Coral,38,Invasive,Aggressive,Deep,Carnivore,27.174570267548887,0.6577427276961205
Western Reef,Coral,82,Endemic,Aggressive,Deep,Herbivore,28.28778127314917,0.8927535063256616
Eastern Reef,Coral,92,Invasive,Aggressive,Shallow,Carnivore,25.746566479106214,0.5110497187327251
Eastern Reef,Crab,68,Endemic,Solitary,Reef Crest,Omnivore,23.59900102940539,0.6993171744722254
Southern Reef,Jellyfish,89,Endemic,Aggressive,Shallow,Carnivore,27.19482961482118,0.4356680875882575
Northern Reef,Jellyfish,18,Invasive,Aggressive,Shallow,Carnivore,25.920833718784,0.835023652877639
Eastern Reef,Fish,44,Endemic,Solitary,Reef Crest,Carnivore,25.773228093643013,0.29244472260338816
Western Reef,Jellyfish,26,Invasive,Aggressive,Deep,Herbivore,23.460678840786926,0.3141654231417045
Western Reef,Jellyfish,42,Endemic,Solitary,Deep,Herbivore,22.10607533191732,0.7306345824762476
Western Reef,Fish,48,Endemic,Schooling,Reef Crest,Herbivore,22.851762340733128,0.820121965710116
Southern Reef,Crab,41,Invasive,Solitary,Deep,Omnivore,28.914473064756848,0.5406636306355191
Southern Reef,Jellyfish,6,Endemic,Aggressive,Deep,Herbivore,22.261697796253284,0.8508403285104763
Southern Reef,Jellyfish,59,Invasive,Solitary,Deep,Herbivore,24.8984433857294,0.36810816746509434
Southern Reef,Jellyfish,99,Invasive,Schooling,Shallow,Omnivore,28.0514714511188,0.7959625362326402
Western Reef,Crab,26,Invasive,Aggressive,Reef Crest,Herbivore,27.532062764389103,0.5768057737067918
Southern Reef,Jellyfish,70,Invasive,Schooling,Shallow,Carnivore,28.964236228720015,0.8973673067483391
Eastern Reef,Fish,17,Invasive,Solitary,Shallow,Omnivore,26.862433657343097,0.1555966732431916
Eastern Reef,Coral,55,Invasive,Aggressive,Shallow,Omnivore,27.093175017471278,0.4560138438944048
Eastern Reef,Coral,42,Invasive,Schooling,Reef Crest,Carnivore,28.979476523110048,0.22293765873993207
Eastern Reef,Fish,72,Invasive,Solitary,Shallow,Herbivore,21.88135000163178,0.6310672603085492
Southern Reef,Fish,76,Invasive,Aggressive,Shallow,Herbivore,27.89621508565886,0.8662724125609539
Southern Reef,Jellyfish,45,Invasive,Solitary,Shallow,Carnivore,24.53130229128604,0.837682069961521
Eastern Reef,Coral,18,Endemic,Aggressive,Deep,Omnivore,28.50239171210923,0.385420969886903
Western Reef,Coral,84,Endemic,Aggressive,Reef Crest,Omnivore,23.753098661168636,0.4450432681890115
Western Reef,Coral,40,Endemic,Aggressive,Reef Crest,Herbivore,27.75903292597569,0.6886373054671926
Northern Reef,Fish,39,Endemic,Schooling,Reef Crest,Herbivore,28.536599308506986,0.6863774827129298
Northern Reef,Crab,76,Invasive,Solitary,Reef Crest,Omnivore,21.582272641145252,0.6704000466272514
Northern Reef,Coral,44,Endemic,Solitary,Shallow,Omnivore,26.76403909518057,0.8790185329032704
Southern Reef,Jellyfish,5,Endemic,Aggressive,Deep,Carnivore,24.84967114461739,0.42908190235704424
Eastern Reef,Coral,82,Endemic,Schooling,Reef Crest,Omnivore,28.668336077667654,0.6620921363367244
Western Reef,Jellyfish,95,Invasive,Solitary,Reef Crest,Herbivore,21.2767574261822,0.8373540510933907
Southern Reef,Jellyfish,73,Endemic,Solitary,Reef Crest,Herbivore,20.569970190237896,0.7127204149888591
Eastern Reef,Fish,28,Endemic,Solitary,Shallow,Herbivore,25.050508948270476,0.22343995856431356
Southern Reef,Coral,9,Invasive,Schooling,Reef Crest,Carnivore,29.149126265953456,0.23820152176970633
Western Reef,Crab,92,Invasive,Aggressive,Shallow,Omnivore,27.834153505789008,0.4652643177761968
Eastern Reef,Crab,66,Endemic,Solitary,Deep,Omnivore,26.526336470890765,0.21377435192817487
Northern Reef,Coral,28,Invasive,Aggressive,Deep,Omnivore,24.824242705409105,0.6865949182158951
Eastern Reef,Fish,38,Invasive,Solitary,Deep,Herbivore,21.344428095968787,0.2583751206218462
